date,start_time,home_team,h_fg2,h_fg2a,h_fg3,h_fg3a,h_ft,h_fta,h_orb,h_drb,h_ast,h_stl,h_blk,h_tov,h_pf,h_pts,away_team,a_fg2,a_fg2a,a_fg3,a_fg3a,a_ft,a_fta,a_orb,a_drb,a_ast,a_stl,a_blk,a_tov,a_pf,a_pts
2019-10-22,10:30 PM,Los Angeles Clippers,31,50,11,31,17,24,11,34,24,8,5,14,25,112,Los Angeles Lakers,24,52,13,33,15,21,9,32,20,4,7,14,24,102
2019-10-22,8:00 PM,Toronto Raptors,28,63,14,40,32,38,16,41,23,7,3,16,24,130,New Orleans Pelicans,24,57,19,45,17,20,16,37,30,4,9,19,34,122
2019-10-23,7:30 PM,Brooklyn Nets,33,67,15,34,15,26,10,38,19,8,9,16,30,126,Minnesota Timberwolves,33,65,13,43,22,28,12,40,23,9,4,13,22,127
2019-10-23,7:00 PM,Charlotte Hornets,22,44,23,44,13,16,9,32,28,3,4,19,18,126,Chicago Bulls,40,75,9,30,18,22,20,29,25,11,4,10,20,125
2019-10-23,8:30 PM,Dallas Mavericks,24,40,11,36,27,33,5,41,17,6,5,19,22,108,Washington Wizards,26,52,11,41,15,18,11,36,26,6,3,17,32,100
2019-10-23,7:00 PM,Indiana Pacers,33,68,8,21,20,24,10,26,26,8,6,15,28,110,Detroit Pistons,30,54,11,24,26,33,10,35,26,5,6,18,21,119
2019-10-23,7:30 PM,Miami Heat,33,67,7,18,33,39,11,40,18,9,8,21,33,120,Memphis Grizzlies,33,57,5,32,20,30,9,31,22,9,7,24,31,101
2019-10-23,7:00 PM,Orlando Magic,28,56,9,30,11,19,7,39,24,12,4,13,18,94,Cleveland Cavaliers,24,54,9,34,10,15,10,44,20,8,2,16,15,85
2019-10-23,7:30 PM,Philadelphia 76ers,30,56,7,29,26,36,12,50,24,6,7,15,34,107,Boston Celtics,26,64,7,26,20,34,10,31,18,4,2,10,29,93
2019-10-23,10:00 PM,Phoenix Suns,38,65,11,33,15,18,9,35,31,13,9,14,25,124,Sacramento Kings,24,58,10,29,17,26,12,35,17,5,5,26,24,95
2019-10-23,10:00 PM,Portland Trail Blazers,29,59,7,28,21,23,13,35,13,9,4,20,25,100,Denver Nuggets,16,49,18,32,22,27,11,34,24,11,4,19,23,108
2019-10-23,8:30 PM,San Antonio Spurs,35,62,7,21,29,36,10,41,22,6,5,21,18,120,New York Knicks,34,64,10,30,13,18,5,34,24,16,1,14,32,111
2019-10-23,9:00 PM,Utah Jazz,34,66,6,24,14,20,11,38,15,4,5,11,31,100,Oklahoma City Thunder,22,56,10,27,21,31,7,41,15,5,4,13,23,95
2019-10-24,7:00 PM,Detroit Pistons,25,48,10,37,20,22,9,30,20,6,5,13,20,100,Atlanta Hawks,33,55,11,31,18,21,8,34,27,9,2,13,15,117
2019-10-24,10:30 PM,Golden State Warriors,24,57,15,42,29,30,15,27,27,7,0,13,21,122,Los Angeles Clippers,32,48,18,32,23,30,3,36,33,7,5,17,24,141
2019-10-24,8:00 PM,Houston Rockets,17,42,16,48,29,39,10,47,25,6,6,14,25,111,Milwaukee Bucks,30,53,16,46,9,18,6,47,31,7,10,11,27,117
2019-10-25,7:00 PM,Boston Celtics,29,71,13,38,15,16,21,35,21,10,8,9,20,112,Toronto Raptors,19,42,18,36,14,17,5,41,22,2,6,23,28,106
2019-10-25,7:30 PM,Brooklyn Nets,21,41,16,37,23,34,11,35,21,11,2,26,26,113,New York Knicks,21,56,17,25,16,28,9,30,17,14,4,26,31,109
2019-10-25,7:00 PM,Charlotte Hornets,25,55,12,29,13,26,9,33,26,6,5,19,29,99,Minnesota Timberwolves,31,53,12,38,23,31,13,39,30,11,6,15,21,121
2019-10-25,9:00 PM,Denver Nuggets,29,65,7,27,29,36,8,37,21,7,12,14,26,108,Phoenix Suns,26,58,8,28,31,32,10,44,25,5,1,17,35,107
2019-10-25,10:30 PM,Los Angeles Lakers,26,60,8,26,19,24,11,31,19,14,9,14,21,95,Utah Jazz,21,45,8,25,20,21,3,37,19,8,2,22,25,86
2019-10-25,8:00 PM,Memphis Grizzlies,29,65,10,29,14,20,15,41,24,8,6,18,21,102,Chicago Bulls,28,51,12,42,18,24,9,36,18,14,7,13,21,110
2019-10-25,8:00 PM,New Orleans Pelicans,30,57,15,41,11,15,12,36,30,6,3,14,22,116,Dallas Mavericks,31,53,14,40,19,26,12,37,23,8,7,11,19,123
2019-10-25,8:00 PM,Oklahoma City Thunder,28,60,5,23,14,22,7,42,14,7,6,18,18,85,Washington Wizards,28,56,11,41,8,10,8,39,21,9,6,15,21,97
2019-10-25,10:00 PM,Sacramento Kings,22,50,15,37,23,27,13,30,17,10,2,17,26,112,Portland Trail Blazers,35,55,11,30,19,22,5,35,23,8,5,16,23,122
2019-10-26,7:30 PM,Atlanta Hawks,34,54,9,30,8,15,9,43,22,5,9,18,26,103,Orlando Magic,30,68,5,31,24,26,17,29,15,8,7,10,15,99
2019-10-26,8:00 PM,Chicago Bulls,20,62,9,35,17,25,12,33,18,9,2,15,22,84,Toronto Raptors,23,40,15,42,17,18,10,49,27,9,12,22,25,108
2019-10-26,8:00 PM,Cleveland Cavaliers,29,49,11,31,19,29,12,32,23,9,7,18,20,110,Indiana Pacers,29,59,10,28,11,13,6,30,23,7,3,17,25,99
2019-10-26,7:00 PM,Detroit Pistons,33,57,8,19,21,36,5,30,20,11,7,23,28,111,Philadelphia 76ers,29,53,13,34,20,30,6,32,30,14,3,22,26,117
2019-10-26,8:00 PM,Houston Rockets,30,49,13,45,27,30,9,36,27,7,4,19,22,126,New Orleans Pelicans,28,50,18,50,13,16,9,33,27,9,2,17,30,123
2019-10-26,5:00 PM,Milwaukee Bucks,24,40,17,54,27,35,5,42,22,8,4,18,32,126,Miami Heat,30,57,16,44,23,36,8,46,33,7,3,16,30,131
2019-10-26,7:30 PM,New York Knicks,24,55,7,27,26,34,16,39,15,7,4,23,26,95,Boston Celtics,27,52,15,41,19,29,13,33,24,14,9,12,26,118
2019-10-26,10:00 PM,Phoenix Suns,26,43,17,43,27,34,9,40,32,9,3,16,34,130,Los Angeles Clippers,29,55,11,32,31,39,10,31,20,8,4,12,32,122
2019-10-26,8:30 PM,San Antonio Spurs,40,80,10,28,14,17,21,32,29,6,7,9,19,124,Washington Wizards,31,61,16,34,12,17,8,33,30,3,8,12,15,122
2019-10-26,9:00 PM,Utah Jazz,26,41,18,37,7,12,2,41,28,6,1,21,22,113,Sacramento Kings,23,55,7,26,14,17,6,25,16,5,3,17,19,81
2019-10-27,7:00 PM,Dallas Mavericks,24,44,13,50,32,41,12,34,27,7,3,11,22,119,Portland Trail Blazers,36,65,9,22,22,26,7,41,13,6,4,16,30,121
2019-10-27,9:30 PM,Los Angeles Lakers,38,62,11,31,11,14,10,37,30,7,8,13,22,120,Charlotte Hornets,25,56,10,35,21,23,13,32,19,7,4,14,20,101
2019-10-27,6:00 PM,Memphis Grizzlies,36,70,14,33,20,25,8,41,33,9,10,12,29,134,Brooklyn Nets,29,56,15,45,30,37,11,42,28,6,5,17,22,133
2019-10-27,7:00 PM,Minnesota Timberwolves,26,46,13,45,25,33,14,32,24,12,1,16,17,116,Miami Heat,27,49,15,36,10,15,7,34,25,7,9,21,23,109
2019-10-27,3:30 PM,Oklahoma City Thunder,29,46,15,32,17,22,8,42,24,8,5,23,26,120,Golden State Warriors,25,59,5,33,27,31,12,27,17,13,2,14,15,92
2019-10-28,7:30 PM,Atlanta Hawks,27,57,9,27,22,32,8,37,23,12,3,21,25,103,Philadelphia 76ers,26,47,11,41,20,25,12,37,22,12,11,21,29,105
2019-10-28,7:00 PM,Detroit Pistons,24,57,13,24,9,10,9,39,21,2,3,20,18,96,Indiana Pacers,33,73,6,21,10,13,13,32,24,11,4,7,18,94
2019-10-28,8:00 PM,Houston Rockets,29,46,10,44,28,33,9,31,21,6,6,14,24,116,Oklahoma City Thunder,28,59,13,35,17,24,16,36,22,7,3,13,27,112
2019-10-28,10:30 PM,Los Angeles Clippers,28,50,12,33,19,21,9,35,23,11,8,21,24,111,Charlotte Hornets,22,44,14,39,10,14,9,29,24,5,3,21,23,96
2019-10-28,8:00 PM,Milwaukee Bucks,31,54,17,38,16,24,8,42,29,9,7,12,15,129,Cleveland Cavaliers,33,61,12,39,10,12,10,38,19,2,3,11,22,112
2019-10-28,8:00 PM,New Orleans Pelicans,33,56,15,47,12,22,11,30,36,13,7,15,20,123,Golden State Warriors,37,69,14,35,18,24,19,42,37,8,2,18,22,134
2019-10-28,7:00 PM,New York Knicks,29,62,9,29,20,32,25,38,19,3,6,17,19,105,Chicago Bulls,27,50,9,35,17,21,8,30,19,6,5,9,22,98
2019-10-28,10:00 PM,Phoenix Suns,20,46,13,34,16,23,3,37,23,7,3,16,31,95,Utah Jazz,17,40,10,31,32,39,6,43,19,8,5,23,26,96
2019-10-28,10:00 PM,Sacramento Kings,24,54,12,37,10,16,15,33,25,6,8,12,21,94,Denver Nuggets,26,62,10,36,19,21,19,35,19,8,5,10,18,101
2019-10-28,8:30 PM,San Antonio Spurs,34,63,7,22,24,32,7,43,25,5,9,18,19,113,Portland Trail Blazers,29,67,10,33,22,27,9,40,19,4,8,10,27,110
2019-10-28,7:30 PM,Toronto Raptors,23,46,10,39,28,30,6,46,19,9,2,16,20,104,Orlando Magic,22,50,12,39,15,18,8,39,22,9,6,16,20,95
2019-10-29,9:00 PM,Denver Nuggets,32,59,11,32,9,13,14,36,24,6,1,10,24,106,Dallas Mavericks,28,47,13,37,14,24,10,32,29,6,5,8,14,109
2019-10-29,10:30 PM,Los Angeles Lakers,33,60,7,26,33,39,10,44,25,9,8,18,19,120,Memphis Grizzlies,24,61,7,34,22,23,13,33,20,10,3,21,27,91
2019-10-29,7:30 PM,Miami Heat,20,42,13,31,33,45,13,36,19,11,6,26,22,112,Atlanta Hawks,24,44,11,39,16,24,9,24,28,14,7,20,29,97
2019-10-30,7:30 PM,Boston Celtics,24,51,17,41,17,21,5,40,25,4,4,9,20,116,Milwaukee Bucks,24,37,14,45,15,24,5,40,21,3,4,15,21,105
2019-10-30,7:30 PM,Brooklyn Nets,31,62,10,31,16,26,18,36,21,6,5,19,19,108,Indiana Pacers,34,70,11,26,17,20,11,30,25,9,2,9,24,118
2019-10-30,7:00 PM,Cleveland Cavaliers,31,54,10,24,25,31,10,37,25,3,7,17,21,117,Chicago Bulls,25,51,14,39,19,23,9,23,25,6,5,6,24,111
2019-10-30,10:30 PM,Golden State Warriors,28,54,8,28,30,36,7,36,24,8,6,18,22,110,Phoenix Suns,29,60,15,36,18,21,13,32,33,12,4,16,22,121
2019-10-30,8:00 PM,Oklahoma City Thunder,29,57,4,27,29,37,13,42,15,8,2,18,21,99,Portland Trail Blazers,17,51,17,35,17,24,9,40,19,9,8,17,30,102
2019-10-30,7:00 PM,Orlando Magic,25,56,12,32,9,12,14,38,24,5,6,7,17,95,New York Knicks,24,51,7,31,14,20,10,34,19,1,10,11,15,83
2019-10-30,7:00 PM,Philadelphia 76ers,34,67,9,25,22,28,16,40,24,14,6,22,27,117,Minnesota Timberwolves,22,46,10,35,21,28,6,28,12,13,6,21,21,95
2019-10-30,10:00 PM,Sacramento Kings,30,50,14,46,9,12,10,29,26,11,5,15,19,111,Charlotte Hornets,30,52,16,32,10,14,10,36,30,8,3,20,17,118
2019-10-30,7:30 PM,Toronto Raptors,38,59,13,27,10,12,3,31,30,12,2,14,22,125,Detroit Pistons,27,58,14,30,17,23,11,31,30,5,1,20,15,113
2019-10-30,10:00 PM,Utah Jazz,33,56,11,24,11,16,3,33,23,12,5,14,18,110,Los Angeles Clippers,31,59,8,23,10,12,6,30,19,3,4,19,22,96
2019-10-30,8:00 PM,Washington Wizards,37,55,20,36,24,29,11,29,31,6,4,19,27,158,Houston Rockets,32,49,23,54,26,33,19,25,34,10,5,13,24,159
2019-10-31,7:00 PM,Atlanta Hawks,29,54,7,34,18,26,16,34,20,5,5,16,15,97,Miami Heat,26,47,14,37,12,19,9,32,29,12,9,13,18,106
2019-10-31,10:30 PM,Los Angeles Clippers,34,65,5,26,20,27,11,36,16,9,1,11,23,103,San Antonio Spurs,29,59,7,21,18,27,9,40,15,6,5,19,28,97
2019-10-31,9:30 PM,New Orleans Pelicans,26,44,15,33,25,32,2,35,30,7,4,15,21,122,Denver Nuggets,36,63,7,26,14,16,5,30,24,5,3,14,24,107
2019-11-01,7:30 PM,Boston Celtics,22,40,11,34,27,29,3,41,21,7,4,14,16,104,New York Knicks,23,55,14,38,14,21,16,35,22,9,4,13,23,102
2019-11-01,7:00 PM,Brooklyn Nets,23,53,19,32,20,28,10,45,26,8,7,20,21,123,Houston Rockets,29,51,12,48,22,27,9,31,21,13,4,12,21,116
2019-11-01,8:00 PM,Chicago Bulls,23,49,16,40,18,23,11,31,29,6,1,17,18,112,Detroit Pistons,35,56,6,29,18,24,10,37,21,11,8,16,21,106
2019-11-01,9:30 PM,Dallas Mavericks,26,66,14,36,16,23,18,43,23,5,1,22,21,110,Los Angeles Lakers,38,64,9,32,16,21,6,35,24,11,7,11,21,119
2019-11-01,10:30 PM,Golden State Warriors,26,56,13,28,19,21,7,32,25,4,2,11,22,110,San Antonio Spurs,31,58,13,35,26,30,16,36,23,4,2,11,19,127
2019-11-01,7:00 PM,Indiana Pacers,34,69,5,27,19,21,13,45,20,8,10,13,24,102,Cleveland Cavaliers,21,55,11,32,20,25,3,42,20,9,1,16,21,95
2019-11-01,7:00 PM,Orlando Magic,22,54,12,37,11,17,10,30,21,8,3,16,16,91,Milwaukee Bucks,30,46,17,47,12,18,11,47,24,11,4,13,19,123
2019-11-01,10:00 PM,Sacramento Kings,33,55,8,29,12,17,11,27,15,8,3,16,23,102,Utah Jazz,24,45,11,28,20,27,6,30,18,12,5,17,18,101
2019-11-02,7:00 PM,Detroit Pistons,33,64,8,27,23,29,5,36,21,8,7,8,18,113,Brooklyn Nets,33,61,10,32,13,17,10,38,24,4,4,14,24,109
2019-11-02,8:30 PM,Golden State Warriors,25,49,9,28,10,13,5,35,23,5,5,18,22,87,Charlotte Hornets,31,56,5,29,16,23,16,32,18,6,1,12,15,93
2019-11-02,8:00 PM,Memphis Grizzlies,33,58,9,28,12,19,13,33,26,9,8,20,23,105,Phoenix Suns,30,54,14,34,12,16,4,28,26,9,2,17,20,114
2019-11-02,8:00 PM,Milwaukee Bucks,28,51,13,38,20,25,10,41,30,4,7,11,22,115,Toronto Raptors,19,48,15,36,22,25,7,35,24,5,6,13,22,105
2019-11-02,5:00 PM,Oklahoma City Thunder,26,53,15,37,18,23,8,36,20,8,11,12,20,115,New Orleans Pelicans,29,62,11,32,13,22,17,39,25,7,5,16,25,104
2019-11-02,7:00 PM,Orlando Magic,31,57,6,29,7,11,10,37,22,8,7,15,25,87,Denver Nuggets,18,45,9,28,28,39,7,34,15,8,3,13,14,91
2019-11-02,10:00 PM,Portland Trail Blazers,26,44,19,34,19,25,4,32,21,7,4,18,21,128,Philadelphia 76ers,43,74,11,33,10,12,13,33,36,11,8,11,23,129
2019-11-02,8:00 PM,Washington Wizards,25,60,12,35,23,27,8,31,21,11,4,17,18,109,Minnesota Timberwolves,34,55,17,39,12,17,3,44,33,9,10,21,23,131
2019-11-03,7:30 PM,Cleveland Cavaliers,21,48,18,48,15,22,12,29,24,9,4,9,14,111,Dallas Mavericks,30,53,20,41,11,13,11,40,34,5,6,13,21,131
2019-11-03,5:00 PM,Indiana Pacers,32,59,8,26,20,27,10,39,28,6,10,16,24,108,Chicago Bulls,27,55,9,29,14,25,6,36,27,8,2,18,21,95
2019-11-03,9:00 PM,Los Angeles Clippers,29,60,7,32,26,34,18,36,15,7,6,9,25,105,Utah Jazz,21,47,10,31,22,31,6,31,16,4,6,14,30,94
2019-11-03,6:00 PM,Miami Heat,29,48,18,41,17,22,5,41,38,14,7,15,21,129,Houston Rockets,17,31,14,48,24,31,4,34,19,6,5,22,24,100
2019-11-03,6:00 PM,New York Knicks,24,49,8,31,20,31,9,29,18,6,5,13,23,92,Sacramento Kings,26,46,15,39,16,25,10,40,25,7,5,14,29,113
2019-11-03,7:00 PM,San Antonio Spurs,27,58,6,25,24,29,8,39,23,11,4,17,18,96,Los Angeles Lakers,36,63,6,24,13,19,7,39,21,8,10,18,22,103
2019-11-04,7:30 PM,Brooklyn Nets,33,51,16,41,21,28,12,33,32,13,3,23,18,135,New Orleans Pelicans,35,65,13,32,16,21,10,29,18,16,5,21,26,125
2019-11-04,10:30 PM,Golden State Warriors,32,60,10,26,33,36,8,39,28,4,4,10,17,127,Portland Trail Blazers,34,65,13,40,11,14,16,28,16,5,6,6,23,118
2019-11-04,8:00 PM,Memphis Grizzlies,37,69,3,25,17,21,13,38,19,13,7,14,21,100,Houston Rockets,18,43,17,50,20,29,14,37,20,6,5,18,21,107
2019-11-04,8:00 PM,Minnesota Timberwolves,24,60,13,43,19,22,13,34,20,12,4,15,23,106,Milwaukee Bucks,36,54,14,39,20,30,11,46,24,8,6,17,20,134
2019-11-04,9:00 PM,Phoenix Suns,30,49,11,28,21,27,5,35,24,6,5,19,24,114,Philadelphia 76ers,29,60,13,29,12,20,9,29,21,11,2,20,29,109
2019-11-04,7:00 PM,Washington Wizards,35,64,8,29,21,25,13,28,27,9,7,11,23,115,Detroit Pistons,21,55,13,27,18,23,13,29,21,4,9,19,20,99
2019-11-05,7:30 PM,Atlanta Hawks,32,60,11,30,11,16,9,39,22,9,5,18,20,108,San Antonio Spurs,30,58,8,33,16,23,11,30,18,9,8,15,17,100
2019-11-05,8:00 PM,Chicago Bulls,29,53,14,32,12,23,7,35,22,11,4,16,21,112,Los Angeles Lakers,34,59,11,33,17,24,12,37,26,10,10,15,18,118
2019-11-05,7:00 PM,Charlotte Hornets,32,57,10,31,28,42,10,27,22,7,4,13,17,122,Indiana Pacers,39,64,12,30,6,7,7,36,27,5,7,18,34,120
2019-11-05,7:00 PM,Cleveland Cavaliers,27,62,13,33,20,22,11,32,22,3,6,9,18,113,Boston Celtics,36,55,12,30,11,15,4,41,24,5,12,14,23,119
2019-11-05,9:00 PM,Denver Nuggets,36,63,9,23,10,16,9,38,35,10,3,19,21,109,Miami Heat,23,59,9,29,16,25,13,31,23,12,5,13,21,89
2019-11-05,8:00 PM,Oklahoma City Thunder,25,53,12,33,16,20,7,31,21,9,5,9,23,102,Orlando Magic,29,60,3,22,27,31,16,37,15,5,8,14,24,94
2019-11-06,7:30 PM,Atlanta Hawks,24,44,6,30,27,35,6,35,18,7,3,24,26,93,Chicago Bulls,28,49,13,33,18,27,7,36,26,11,9,17,30,113
2019-11-06,8:30 PM,Dallas Mavericks,25,53,11,31,24,30,12,31,20,4,1,17,23,107,Orlando Magic,33,56,6,24,22,28,10,34,25,14,10,18,30,106
2019-11-06,7:00 PM,Detroit Pistons,29,49,15,30,19,24,8,35,37,7,1,16,17,122,New York Knicks,28,55,11,25,13,21,5,25,24,9,4,13,20,102
2019-11-06,7:30 PM,Houston Rockets,27,52,21,45,12,19,11,39,31,7,9,12,20,129,Golden State Warriors,25,63,13,33,23,28,16,35,22,7,1,10,12,112
2019-11-06,7:00 PM,Indiana Pacers,32,64,12,30,21,26,13,35,35,8,3,13,25,121,Washington Wizards,24,55,13,40,19,19,16,32,24,3,3,16,26,106
2019-11-06,10:00 PM,Los Angeles Clippers,28,67,13,31,29,36,14,40,21,4,3,19,28,124,Milwaukee Bucks,24,49,18,49,27,34,14,40,18,7,11,15,28,129
2019-11-06,8:00 PM,Memphis Grizzlies,38,65,12,23,25,30,8,41,34,4,3,17,22,137,Minnesota Timberwolves,27,51,16,45,19,26,10,26,29,9,7,11,22,121
2019-11-06,7:30 PM,Toronto Raptors,29,49,14,29,24,29,2,35,28,10,4,14,20,124,Sacramento Kings,22,51,20,44,16,21,12,31,23,8,7,14,23,120
2019-11-06,9:00 PM,Utah Jazz,33,67,8,22,16,24,14,36,21,9,4,13,21,106,Philadelphia 76ers,25,55,8,25,30,34,7,35,20,9,3,14,20,104
2019-11-07,8:00 PM,Charlotte Hornets,27,55,6,31,15,21,9,40,21,7,9,20,19,87,Boston Celtics,30,60,10,33,18,23,11,41,29,13,5,12,19,108
2019-11-07,10:30 PM,Los Angeles Clippers,35,66,4,23,25,30,13,44,20,6,12,17,14,107,Portland Trail Blazers,28,65,11,39,12,16,17,34,18,7,4,13,27,101
2019-11-07,9:00 PM,Phoenix Suns,26,52,11,32,23,31,10,30,22,4,3,14,21,108,Miami Heat,30,54,15,28,19,24,5,36,22,9,5,13,28,124
2019-11-07,8:30 PM,San Antonio Spurs,42,74,9,20,10,11,12,35,32,5,3,13,21,121,Oklahoma City Thunder,32,59,10,21,18,24,4,27,26,7,2,13,14,112
2019-11-08,7:30 PM,Atlanta Hawks,37,59,9,28,8,14,11,23,23,8,6,12,19,109,Sacramento Kings,24,45,18,31,19,22,9,27,27,7,7,14,19,121
2019-11-08,8:30 PM,Dallas Mavericks,23,46,14,44,14,17,7,40,18,4,6,13,21,102,New York Knicks,23,61,14,28,18,31,14,42,19,9,3,12,20,106
2019-11-08,9:00 PM,Denver Nuggets,30,65,9,22,13,17,7,34,28,10,11,10,16,100,Philadelphia 76ers,25,60,13,26,8,17,11,38,28,8,8,17,19,97
2019-11-08,7:00 PM,Indiana Pacers,39,68,4,15,22,25,10,34,23,6,8,12,16,112,Detroit Pistons,26,53,13,33,15,18,10,30,27,6,4,15,26,106
2019-11-08,10:30 PM,Los Angeles Lakers,32,57,8,32,7,8,10,38,30,6,5,18,24,95,Miami Heat,22,45,6,35,18,24,8,29,18,9,2,12,12,80
2019-11-08,8:00 PM,Minnesota Timberwolves,39,75,9,36,20,29,20,39,20,10,10,18,23,125,Golden State Warriors,33,68,10,35,23,24,13,36,18,12,9,20,26,119
2019-11-08,8:00 PM,New Orleans Pelicans,30,58,10,41,14,21,14,39,21,7,6,18,23,104,Toronto Raptors,22,50,19,43,21,24,10,43,27,9,3,17,24,122
2019-11-08,7:00 PM,Orlando Magic,37,65,7,28,23,27,12,45,24,10,10,9,17,118,Memphis Grizzlies,21,57,11,29,11,13,4,32,23,3,5,18,22,86
2019-11-08,10:00 PM,Portland Trail Blazers,29,67,11,30,24,25,13,35,11,3,9,10,24,115,Brooklyn Nets,25,62,16,37,21,30,16,35,18,6,9,9,25,119
2019-11-08,9:00 PM,Utah Jazz,19,48,15,36,20,29,11,45,15,3,1,20,27,103,Milwaukee Bucks,24,59,10,36,22,30,16,38,14,8,4,12,26,100
2019-11-08,7:00 PM,Washington Wizards,38,65,7,31,3,6,17,30,26,5,5,18,24,100,Cleveland Cavaliers,35,63,6,27,25,29,17,31,18,10,5,12,17,113
2019-11-09,8:00 PM,Chicago Bulls,33,66,4,32,16,18,11,35,21,14,5,15,22,94,Houston Rockets,20,39,19,44,20,28,9,46,18,12,7,22,21,117
2019-11-09,7:00 PM,Charlotte Hornets,24,53,12,35,26,34,13,29,27,10,2,21,27,110,New Orleans Pelicans,26,42,14,33,21,30,9,36,25,13,6,26,28,115
2019-11-09,8:00 PM,Memphis Grizzlies,38,59,12,36,10,14,10,29,31,10,6,15,22,122,Dallas Mavericks,34,55,18,42,16,20,12,35,27,8,5,14,14,138
2019-11-09,8:00 PM,Oklahoma City Thunder,29,49,14,30,14,17,7,35,30,7,5,18,17,114,Golden State Warriors,35,63,7,22,17,17,6,28,22,9,6,15,18,108
2019-11-09,5:00 PM,San Antonio Spurs,25,69,14,30,23,30,21,36,24,1,8,15,22,115,Boston Celtics,34,57,14,37,25,28,7,36,28,11,11,8,25,135
2019-11-10,9:30 PM,Los Angeles Lakers,31,64,10,30,12,19,13,38,31,6,7,12,20,104,Toronto Raptors,31,53,12,36,15,22,7,36,26,6,8,13,17,113
2019-11-10,3:30 PM,Minnesota Timberwolves,28,52,6,45,24,33,15,38,22,9,10,12,23,98,Denver Nuggets,28,73,11,28,11,17,14,43,26,6,4,20,30,100
2019-11-10,7:30 PM,New York Knicks,22,55,9,31,16,25,17,35,19,11,8,21,26,87,Cleveland Cavaliers,28,54,8,28,28,31,9,36,20,11,2,14,19,108
2019-11-10,7:00 PM,Oklahoma City Thunder,28,49,17,42,12,17,5,30,31,11,4,15,20,119,Milwaukee Bucks,36,55,11,28,16,18,5,43,27,9,4,22,21,121
2019-11-10,6:00 PM,Orlando Magic,26,53,15,36,5,6,7,30,27,5,11,10,10,102,Indiana Pacers,39,71,9,20,4,5,10,33,31,6,3,9,13,109
2019-11-10,6:00 PM,Philadelphia 76ers,36,56,10,28,12,16,10,39,29,9,5,20,16,114,Charlotte Hornets,24,51,14,33,16,22,6,25,22,9,1,13,19,106
2019-11-10,8:00 PM,Phoenix Suns,33,57,19,42,15,19,5,37,37,8,7,7,17,138,Brooklyn Nets,36,57,8,34,16,17,5,38,27,4,2,17,24,112
2019-11-10,9:00 PM,Portland Trail Blazers,33,68,12,36,22,28,16,45,19,10,9,17,22,124,Atlanta Hawks,31,63,11,41,18,25,11,37,21,11,8,16,26,113
2019-11-11,7:30 PM,Boston Celtics,26,51,15,35,19,25,10,36,25,4,5,9,27,116,Dallas Mavericks,26,47,11,42,21,28,13,33,22,2,5,6,26,106
2019-11-11,7:00 PM,Detroit Pistons,23,55,16,32,20,25,12,27,25,9,5,17,22,114,Minnesota Timberwolves,30,55,15,34,15,19,11,34,25,7,6,16,23,120
2019-11-11,10:30 PM,Golden State Warriors,35,63,10,31,8,14,8,36,23,8,2,10,24,108,Utah Jazz,24,46,16,35,26,32,5,38,30,3,3,12,16,122
2019-11-11,10:30 PM,Los Angeles Clippers,26,56,8,36,22,30,20,46,25,9,7,19,21,98,Toronto Raptors,23,55,11,30,9,15,5,33,25,9,8,15,24,88
2019-11-11,8:00 PM,New Orleans Pelicans,27,50,14,45,20,27,12,34,26,8,3,16,23,116,Houston Rockets,32,44,12,41,22,32,7,40,16,9,6,17,22,122
2019-11-11,7:30 PM,San Antonio Spurs,30,60,12,30,13,17,7,35,29,4,4,13,17,109,Memphis Grizzlies,33,59,11,28,14,20,9,38,32,7,5,11,20,113
2019-11-12,8:00 PM,Chicago Bulls,27,48,14,33,24,31,9,37,22,9,2,19,25,120,New York Knicks,26,56,10,32,20,31,13,25,27,12,1,18,28,102
2019-11-12,9:00 PM,Denver Nuggets,35,63,11,41,18,22,15,25,31,7,5,3,24,121,Atlanta Hawks,29,49,15,34,22,34,10,35,30,1,5,14,21,125
2019-11-12,7:00 PM,Indiana Pacers,39,71,7,23,12,13,11,39,21,6,4,14,20,111,Oklahoma City Thunder,23,57,6,25,21,24,9,31,19,9,4,15,16,85
2019-11-12,7:30 PM,Miami Heat,27,45,14,32,21,27,8,34,34,6,1,19,30,117,Detroit Pistons,19,37,15,41,25,37,8,24,27,9,9,16,28,108
2019-11-12,7:00 PM,Philadelphia 76ers,32,51,8,38,10,13,11,35,24,8,8,14,20,98,Cleveland Cavaliers,33,65,5,21,16,20,9,36,13,10,0,13,13,97
2019-11-12,9:00 PM,Phoenix Suns,27,53,16,38,13,17,6,33,32,3,4,11,22,115,Los Angeles Lakers,41,70,10,25,11,21,8,36,39,4,4,9,21,123
2019-11-12,10:00 PM,Sacramento Kings,27,54,11,32,20,26,11,35,24,9,5,14,25,107,Portland Trail Blazers,26,47,8,30,23,30,7,33,15,4,5,17,19,99
2019-11-12,9:00 PM,Utah Jazz,37,66,6,26,27,35,11,35,16,7,4,11,18,119,Brooklyn Nets,30,53,11,37,21,25,10,33,19,5,8,16,29,114
2019-11-13,7:30 PM,Boston Celtics,33,60,16,36,26,29,10,34,32,5,5,11,26,140,Washington Wizards,39,67,11,29,22,27,9,27,28,5,4,8,23,133
2019-11-13,7:00 PM,Charlotte Hornets,27,51,16,36,15,19,7,27,27,8,5,15,12,117,Memphis Grizzlies,31,54,17,35,6,9,11,34,32,9,5,23,21,119
2019-11-13,7:30 PM,Houston Rockets,19,44,14,42,22,27,9,44,12,7,6,10,17,102,Los Angeles Clippers,28,65,10,33,7,14,11,42,17,3,3,13,21,93
2019-11-13,10:00 PM,Los Angeles Lakers,39,69,9,20,15,18,13,38,31,8,6,19,18,120,Golden State Warriors,27,54,9,35,13,17,10,23,29,8,7,17,14,94
2019-11-13,8:00 PM,Minnesota Timberwolves,34,57,11,34,28,34,13,37,25,11,4,10,25,129,San Antonio Spurs,41,73,3,17,23,29,10,34,24,4,4,11,23,114
2019-11-13,7:00 PM,Orlando Magic,28,54,10,32,26,34,9,39,27,6,2,13,22,112,Philadelphia 76ers,32,61,8,30,9,13,8,39,25,5,5,15,27,97
2019-11-13,10:00 PM,Portland Trail Blazers,21,48,17,48,13,16,11,32,24,3,7,12,16,106,Toronto Raptors,28,60,14,32,16,17,14,36,20,4,9,12,20,114
2019-11-14,6:00 PM,Cleveland Cavaliers,28,53,8,32,17,21,11,30,18,14,2,18,16,97,Miami Heat,31,49,12,30,10,11,4,37,31,10,7,18,21,108
2019-11-14,10:30 PM,Denver Nuggets,33,68,10,33,5,10,14,48,26,4,3,7,14,101,Brooklyn Nets,28,57,8,38,13,16,7,44,19,3,2,7,14,93
2019-11-14,8:00 PM,Milwaukee Bucks,36,55,6,33,34,47,17,41,24,9,4,22,22,124,Chicago Bulls,20,50,18,43,21,25,10,35,25,14,1,20,29,115
2019-11-14,8:00 PM,New Orleans Pelicans,29,64,18,34,20,29,18,33,26,11,5,14,25,132,Los Angeles Clippers,35,60,11,24,24,31,6,31,28,6,6,16,22,127
2019-11-14,8:00 PM,New York Knicks,29,64,13,30,9,11,15,38,20,6,2,15,27,106,Dallas Mavericks,28,48,8,36,23,31,12,32,21,8,7,11,16,103
2019-11-14,9:00 PM,Phoenix Suns,26,46,15,39,31,38,7,32,32,6,2,20,24,128,Atlanta Hawks,32,60,8,31,24,30,15,34,25,15,5,22,31,112
2019-11-15,7:00 PM,Charlotte Hornets,30,61,13,35,10,16,14,27,22,10,3,10,17,109,Detroit Pistons,25,46,15,35,11,11,7,35,25,3,3,19,19,106
2019-11-15,10:30 PM,Golden State Warriors,29,54,5,28,27,34,12,43,17,8,4,19,19,100,Boston Celtics,24,58,13,33,18,23,11,36,24,13,5,14,24,105
2019-11-15,8:00 PM,Houston Rockets,22,43,14,46,25,29,10,34,12,11,3,8,23,111,Indiana Pacers,29,49,8,33,20,26,8,34,24,2,2,16,25,102
2019-11-15,10:30 PM,Los Angeles Lakers,23,44,11,37,20,22,10,31,22,11,6,13,18,99,Sacramento Kings,20,43,16,39,9,9,10,33,24,7,0,17,22,97
2019-11-15,8:00 PM,Memphis Grizzlies,33,61,10,35,11,13,9,37,25,6,5,11,23,107,Utah Jazz,26,53,9,34,27,32,9,36,17,5,6,14,16,106
2019-11-15,8:00 PM,Minnesota Timberwolves,31,52,11,37,21,29,9,34,26,6,5,20,20,116,Washington Wizards,44,72,10,28,19,25,13,38,38,10,5,13,22,137
2019-11-15,8:00 PM,Oklahoma City Thunder,31,52,10,24,35,41,6,30,22,7,3,13,23,127,Philadelphia 76ers,31,58,14,32,15,22,13,30,24,6,0,14,32,119
2019-11-15,7:00 PM,Orlando Magic,24,58,12,29,27,34,14,34,22,6,5,10,13,111,San Antonio Spurs,32,63,13,26,6,10,8,33,23,8,8,11,25,109
2019-11-16,6:00 PM,Chicago Bulls,23,52,9,39,38,41,17,39,15,8,2,19,30,111,Brooklyn Nets,30,45,10,43,27,31,5,35,30,10,9,15,30,117
2019-11-16,8:30 PM,Dallas Mavericks,28,49,9,39,27,33,12,43,24,7,4,12,15,110,Toronto Raptors,20,48,17,41,11,15,7,35,21,7,2,14,20,102
2019-11-16,7:00 PM,Indiana Pacers,20,66,12,34,7,9,14,40,19,8,7,13,10,83,Milwaukee Bucks,32,57,11,39,5,7,8,47,23,6,8,14,13,102
2019-11-16,10:30 PM,Los Angeles Clippers,33,60,17,33,33,35,12,41,30,10,12,19,28,150,Atlanta Hawks,28,66,6,24,27,37,14,24,19,11,10,19,27,101
2019-11-16,8:00 PM,Miami Heat,35,57,9,24,12,13,9,36,25,13,3,20,6,109,New Orleans Pelicans,21,47,16,35,4,6,7,24,23,10,2,18,16,94
2019-11-16,8:00 PM,Minnesota Timberwolves,26,46,12,38,17,23,13,33,23,7,5,18,20,105,Houston Rockets,24,45,19,49,20,22,14,28,15,7,3,12,18,125
2019-11-16,7:30 PM,New York Knicks,33,66,6,20,18,23,13,35,22,5,1,11,21,102,Charlotte Hornets,19,39,17,48,14,19,12,30,22,5,3,10,18,103
2019-11-16,8:30 PM,San Antonio Spurs,36,70,5,18,29,34,7,36,25,8,7,10,17,116,Portland Trail Blazers,29,54,13,39,24,26,9,39,21,2,4,12,20,121
2019-11-17,3:00 PM,Cleveland Cavaliers,28,65,6,25,21,24,11,31,14,9,5,14,21,95,Philadelphia 76ers,37,61,9,23,13,17,4,40,33,6,11,13,22,114
2019-11-17,9:30 PM,Los Angeles Lakers,32,54,15,35,13,16,10,32,26,10,14,16,19,122,Atlanta Hawks,29,58,8,28,19,25,9,28,16,11,2,18,19,101
2019-11-17,6:00 PM,Memphis Grizzlies,23,48,16,36,20,24,9,36,29,4,3,16,17,114,Denver Nuggets,31,57,18,32,15,23,6,33,36,10,10,12,24,131
2019-11-17,7:00 PM,New Orleans Pelicans,19,43,18,46,16,20,11,37,24,3,5,13,21,108,Golden State Warriors,30,66,7,25,19,23,9,34,23,7,3,10,19,100
2019-11-17,6:00 PM,Orlando Magic,28,49,15,38,24,26,11,41,25,5,3,14,15,125,Washington Wizards,27,56,19,41,10,12,9,29,31,7,2,9,21,121
2019-11-17,3:30 PM,Sacramento Kings,24,54,14,35,10,12,10,35,22,8,7,12,24,100,Boston Celtics,24,52,10,30,21,24,10,36,26,7,3,14,14,99
2019-11-18,7:30 PM,Brooklyn Nets,19,50,11,34,15,24,4,36,18,2,7,9,19,86,Indiana Pacers,30,68,14,33,13,17,15,48,26,5,8,10,22,115
2019-11-18,8:00 PM,Chicago Bulls,27,63,12,34,11,14,13,37,25,6,6,14,25,101,Milwaukee Bucks,23,41,15,41,24,35,8,40,24,12,9,15,16,115
2019-11-18,8:30 PM,Dallas Mavericks,25,43,17,41,16,23,9,32,28,4,3,13,19,117,San Antonio Spurs,36,72,8,24,14,16,17,31,18,6,2,9,18,110
2019-11-18,8:00 PM,Houston Rockets,30,55,17,45,21,26,17,41,24,9,10,16,21,132,Portland Trail Blazers,29,60,11,36,17,23,12,32,28,7,5,17,21,108
2019-11-18,10:30 PM,Los Angeles Clippers,25,51,10,36,10,14,13,36,23,7,5,17,25,90,Oklahoma City Thunder,21,48,7,27,25,28,9,36,17,12,4,17,19,88
2019-11-18,7:00 PM,New York Knicks,36,75,8,23,27,35,19,28,17,8,10,7,24,123,Cleveland Cavaliers,19,40,17,36,16,30,10,31,18,2,1,19,26,105
2019-11-18,9:00 PM,Phoenix Suns,23,46,10,36,9,12,8,37,22,7,6,19,17,85,Boston Celtics,25,48,12,41,13,17,11,41,22,12,5,17,21,99
2019-11-18,7:30 PM,Toronto Raptors,30,54,20,43,12,15,16,37,40,13,2,10,25,132,Charlotte Hornets,18,33,15,45,15,24,9,28,26,3,8,19,19,96
2019-11-18,9:00 PM,Utah Jazz,23,65,12,31,20,26,12,41,20,5,5,14,23,102,Minnesota Timberwolves,27,51,14,38,16,19,5,46,22,6,10,15,25,112
2019-11-19,10:30 PM,Los Angeles Lakers,29,58,14,31,12,19,14,32,29,9,8,16,20,112,Oklahoma City Thunder,29,52,9,28,22,25,8,31,22,10,2,15,22,107
2019-11-19,8:00 PM,Memphis Grizzlies,27,63,9,25,14,19,7,30,26,6,4,12,23,95,Golden State Warriors,34,61,9,29,19,22,11,40,33,5,10,14,24,114
2019-11-19,8:00 PM,New Orleans Pelicans,28,57,13,36,20,24,16,37,24,10,5,13,15,115,Portland Trail Blazers,24,63,16,29,8,13,11,37,20,5,4,17,23,104
2019-11-19,10:00 PM,Sacramento Kings,29,48,13,31,23,25,8,35,28,7,7,18,26,120,Phoenix Suns,26,53,12,36,28,34,14,25,24,11,4,10,20,116
2019-11-20,7:30 PM,Atlanta Hawks,30,65,14,31,25,31,9,34,27,8,2,13,26,127,Milwaukee Bucks,29,44,17,43,26,34,8,38,25,6,8,19,25,135
2019-11-20,7:30 PM,Brooklyn Nets,26,51,10,39,19,23,13,40,19,11,1,15,21,101,Charlotte Hornets,19,48,11,33,20,26,8,33,17,8,3,16,23,91
2019-11-20,8:00 PM,Chicago Bulls,25,64,14,27,17,26,12,43,25,9,7,14,24,109,Detroit Pistons,20,50,8,33,25,32,12,34,23,6,8,16,20,89
2019-11-20,7:30 PM,Dallas Mavericks,29,52,22,38,18,23,8,42,33,7,7,11,21,142,Golden State Warriors,27,63,8,27,16,25,9,25,18,7,5,9,16,94
2019-11-20,9:00 PM,Denver Nuggets,35,67,9,27,8,15,15,33,29,13,4,14,21,105,Houston Rockets,20,38,12,38,19,25,9,34,19,9,2,20,22,95
2019-11-20,10:00 PM,Los Angeles Clippers,22,48,17,45,12,16,14,39,26,12,9,23,18,107,Boston Celtics,29,59,12,45,10,14,18,35,26,11,2,17,22,104
2019-11-20,7:30 PM,Miami Heat,22,41,19,37,23,31,12,32,25,8,5,23,20,124,Cleveland Cavaliers,25,49,12,38,14,16,10,24,19,13,2,19,23,100
2019-11-20,8:00 PM,Minnesota Timberwolves,21,44,14,45,11,21,12,39,13,5,9,13,20,95,Utah Jazz,21,53,14,33,19,27,13,38,22,7,6,11,21,103
2019-11-20,7:00 PM,Philadelphia 76ers,26,57,13,32,18,26,10,34,30,5,5,10,14,109,New York Knicks,27,59,13,25,11,15,7,35,17,8,6,14,25,104
2019-11-20,7:30 PM,Toronto Raptors,36,60,9,27,14,19,10,37,26,5,5,11,21,113,Orlando Magic,26,59,9,32,18,28,16,27,26,9,8,11,16,97
2019-11-20,7:00 PM,Washington Wizards,36,62,18,30,12,15,6,32,37,4,3,17,20,138,San Antonio Spurs,37,61,12,32,22,29,12,29,32,8,8,12,13,132
2019-11-21,8:00 PM,Milwaukee Bucks,34,63,16,43,21,26,18,40,32,7,3,12,20,137,Portland Trail Blazers,33,64,17,39,12,14,9,32,32,6,11,8,27,129
2019-11-21,10:30 PM,Phoenix Suns,27,55,13,31,28,32,9,29,28,10,3,14,19,121,New Orleans Pelicans,31,53,16,35,14,22,8,36,28,8,6,17,25,124
2019-11-22,7:30 PM,Brooklyn Nets,29,47,12,34,22,31,13,35,22,9,3,18,18,116,Sacramento Kings,35,60,4,26,15,19,7,26,26,8,2,16,25,97
2019-11-22,8:00 PM,Chicago Bulls,31,60,10,30,16,20,14,27,23,11,3,13,24,108,Miami Heat,25,41,14,38,24,28,9,35,33,10,3,19,17,116
2019-11-22,8:30 PM,Dallas Mavericks,38,63,20,37,7,9,10,39,31,8,7,5,18,143,Cleveland Cavaliers,25,57,12,29,15,17,8,26,23,3,3,10,15,101
2019-11-22,9:00 PM,Denver Nuggets,32,60,7,28,11,13,11,37,24,7,5,17,17,96,Boston Celtics,26,54,7,27,19,23,5,35,21,12,6,11,19,92
2019-11-22,7:00 PM,Detroit Pistons,32,48,17,34,13,20,12,30,30,13,10,18,17,128,Atlanta Hawks,28,51,10,37,17,17,10,24,26,12,2,19,18,103
2019-11-22,10:30 PM,Los Angeles Clippers,32,54,13,33,19,24,10,37,27,9,4,19,32,122,Houston Rockets,24,41,15,43,26,38,11,32,22,11,2,15,27,119
2019-11-22,8:00 PM,Oklahoma City Thunder,38,62,11,31,18,20,6,31,28,8,3,11,23,127,Los Angeles Lakers,28,57,17,31,23,29,11,34,32,7,6,15,20,130
2019-11-22,8:00 PM,Philadelphia 76ers,36,63,10,26,13,19,13,38,32,8,4,15,21,115,San Antonio Spurs,37,67,6,18,12,16,3,29,21,6,3,11,15,104
2019-11-22,9:00 PM,Utah Jazz,29,53,14,32,13,16,8,40,23,4,10,17,14,113,Golden State Warriors,31,66,12,28,11,12,6,31,28,11,3,8,18,109
2019-11-22,7:00 PM,Washington Wizards,34,57,14,34,15,20,6,35,34,10,3,11,13,125,Charlotte Hornets,34,59,14,34,8,8,7,37,24,9,5,16,18,118
2019-11-23,7:30 PM,Atlanta Hawks,33,56,14,34,8,11,8,30,32,9,7,15,27,116,Toronto Raptors,27,51,13,37,26,30,12,30,22,5,5,15,16,119
2019-11-23,7:00 PM,Charlotte Hornets,32,52,12,28,15,22,10,33,26,5,7,19,17,115,Chicago Bulls,21,48,22,47,8,12,13,26,27,12,3,13,20,116
2019-11-23,8:00 PM,Cleveland Cavaliers,27,56,10,31,26,32,9,43,19,9,2,13,14,110,Portland Trail Blazers,25,47,14,40,12,16,6,32,21,6,6,10,20,104
2019-11-23,7:00 PM,Indiana Pacers,33,55,10,24,15,16,7,35,26,6,6,19,14,111,Orlando Magic,30,61,13,31,7,9,7,26,24,11,5,13,16,106
2019-11-23,8:00 PM,Memphis Grizzlies,29,59,14,30,8,13,12,35,28,12,3,19,19,108,Los Angeles Lakers,25,45,13,39,20,29,11,29,19,12,7,16,14,109
2019-11-23,8:30 PM,Milwaukee Bucks,28,47,13,37,9,18,9,40,25,10,8,21,14,104,Detroit Pistons,27,56,10,35,6,10,6,34,22,7,3,15,18,90
2019-11-23,5:00 PM,Minnesota Timberwolves,26,49,12,42,10,17,9,48,26,2,10,14,23,98,Phoenix Suns,23,61,10,35,24,26,12,44,22,9,3,7,17,100
2019-11-23,7:30 PM,New York Knicks,25,53,15,40,9,15,10,27,30,12,3,11,22,104,San Antonio Spurs,28,52,12,23,19,28,9,38,26,7,3,22,17,111
2019-11-23,7:30 PM,Philadelphia 76ers,28,54,14,29,15,17,8,36,28,11,2,14,27,113,Miami Heat,24,51,6,24,20,27,9,29,12,6,4,17,16,86
2019-11-23,9:00 PM,Utah Jazz,27,46,15,36,29,33,7,42,29,2,4,17,21,128,New Orleans Pelicans,25,60,17,41,19,20,9,29,21,7,6,10,24,120
2019-11-24,8:00 PM,Denver Nuggets,29,60,14,31,16,23,19,33,24,4,2,10,16,116,Phoenix Suns,29,47,12,35,10,12,7,29,25,4,2,12,18,104
2019-11-24,3:30 PM,Houston Rockets,35,54,10,44,23,31,15,39,26,5,2,11,26,123,Dallas Mavericks,32,58,17,44,22,28,12,34,28,9,5,12,22,137
2019-11-24,9:00 PM,Los Angeles Clippers,30,55,16,43,26,33,16,40,27,4,5,6,21,134,New Orleans Pelicans,30,57,13,41,10,18,12,33,26,1,6,9,26,109
2019-11-24,6:00 PM,New York Knicks,19,45,18,35,9,16,9,34,22,6,4,16,29,101,Brooklyn Nets,17,39,14,38,27,34,7,28,18,6,1,11,16,103
2019-11-24,6:00 PM,Washington Wizards,29,58,13,34,9,12,12,33,29,5,2,16,23,106,Sacramento Kings,28,50,11,31,24,28,6,33,22,9,5,13,17,113
2019-11-25,7:30 PM,Atlanta Hawks,31,62,10,32,21,26,9,33,26,6,4,17,25,113,Minnesota Timberwolves,26,55,15,35,28,36,14,33,27,10,6,13,25,125
2019-11-25,7:30 PM,Boston Celtics,31,55,7,30,20,23,11,27,20,10,4,11,16,103,Sacramento Kings,19,32,18,47,10,15,8,28,28,3,8,14,18,102
2019-11-25,8:00 PM,Chicago Bulls,27,47,9,39,13,20,8,29,24,8,4,17,20,94,Portland Trail Blazers,38,62,8,27,17,22,13,42,23,8,5,15,20,117
2019-11-25,7:00 PM,Cleveland Cavaliers,27,62,13,32,13,20,12,33,24,5,4,10,14,106,Brooklyn Nets,33,60,11,34,9,11,12,36,29,8,10,9,21,108
2019-11-25,7:00 PM,Detroit Pistons,20,41,14,38,21,25,9,40,23,6,5,13,20,103,Orlando Magic,24,59,8,25,16,22,8,33,15,8,7,9,21,88
2019-11-25,10:30 PM,Golden State Warriors,28,69,9,20,14,16,9,32,27,10,7,12,17,97,Oklahoma City Thunder,29,53,11,32,9,11,9,34,26,5,13,15,16,100
2019-11-25,7:00 PM,Indiana Pacers,33,61,18,33,6,10,10,37,29,6,6,13,11,126,Memphis Grizzlies,33,67,13,29,9,13,8,32,30,6,5,8,16,114
2019-11-25,7:30 PM,Miami Heat,27,46,13,31,24,28,8,41,29,9,3,18,23,117,Charlotte Hornets,27,54,9,33,19,25,10,25,25,11,0,13,24,100
2019-11-25,8:00 PM,Milwaukee Bucks,30,56,13,41,23,29,15,34,21,6,6,9,15,122,Utah Jazz,22,40,21,45,11,12,4,36,29,4,6,16,23,118
2019-11-25,8:30 PM,San Antonio Spurs,31,63,10,25,12,15,9,32,23,4,5,13,22,104,Los Angeles Lakers,30,56,14,33,12,18,10,30,28,7,6,9,18,114
2019-11-25,7:30 PM,Toronto Raptors,27,50,11,34,14,22,8,32,27,5,5,10,18,101,Philadelphia 76ers,21,48,15,40,9,16,14,37,25,7,3,16,20,96
2019-11-26,8:30 PM,Dallas Mavericks,19,41,11,38,28,35,9,37,16,12,2,20,21,99,Los Angeles Clippers,30,64,11,33,21,30,17,39,22,12,3,14,27,114
2019-11-26,9:00 PM,Denver Nuggets,41,66,6,24,17,23,10,48,31,8,6,20,20,117,Washington Wizards,30,55,10,40,14,21,5,31,26,9,3,12,22,104
2019-11-27,7:00 PM,Boston Celtics,30,63,13,34,22,24,19,36,23,10,5,14,17,121,Brooklyn Nets,19,34,21,56,9,19,11,27,32,5,6,15,22,110
2019-11-27,7:00 PM,Charlotte Hornets,32,58,7,30,17,20,10,31,27,3,7,3,18,102,Detroit Pistons,31,56,10,32,9,15,9,37,23,2,2,8,18,101
2019-11-27,7:00 PM,Cleveland Cavaliers,26,47,11,34,19,22,12,37,20,5,0,25,15,104,Orlando Magic,33,60,12,33,14,17,6,28,23,13,6,11,22,116
2019-11-27,10:30 PM,Golden State Warriors,26,52,11,29,19,26,13,41,31,12,9,20,17,104,Chicago Bulls,24,60,10,29,12,18,14,28,20,14,4,17,20,90
2019-11-27,8:00 PM,Houston Rockets,23,39,15,44,26,33,9,34,19,11,2,15,22,117,Miami Heat,23,43,14,37,20,27,8,33,22,8,3,18,24,108
2019-11-27,7:00 PM,Indiana Pacers,42,74,8,22,13,16,11,31,23,8,4,12,19,121,Utah Jazz,26,51,10,32,20,25,10,30,19,7,2,16,21,102
2019-11-27,8:00 PM,Memphis Grizzlies,32,64,11,28,22,26,13,35,26,9,3,20,22,119,Los Angeles Clippers,30,54,14,41,19,25,13,30,30,11,6,15,24,121
2019-11-27,8:00 PM,Milwaukee Bucks,32,54,10,34,17,27,10,37,25,6,11,14,23,111,Atlanta Hawks,27,60,11,34,15,22,14,35,22,4,5,17,25,102
2019-11-27,9:30 PM,New Orleans Pelicans,17,44,17,40,25,30,13,29,20,7,4,19,23,110,Los Angeles Lakers,36,61,8,24,18,25,7,30,25,9,6,15,24,114
2019-11-27,7:00 PM,Philadelphia 76ers,31,51,5,26,20,24,7,42,20,8,10,17,12,97,Sacramento Kings,30,61,9,34,4,9,8,34,22,9,3,11,19,91
2019-11-27,9:00 PM,Phoenix Suns,33,55,15,38,21,24,12,28,29,7,6,15,21,132,Washington Wizards,32,54,19,35,19,20,4,30,32,9,5,14,20,140
2019-11-27,10:00 PM,Portland Trail Blazers,35,64,14,30,24,24,10,44,23,3,1,9,32,136,Oklahoma City Thunder,28,53,11,35,30,38,8,30,19,4,2,6,21,119
2019-11-27,8:30 PM,San Antonio Spurs,36,68,5,29,14,17,8,38,25,4,8,6,18,101,Minnesota Timberwolves,19,45,18,40,21,27,7,46,28,4,6,11,19,113
2019-11-27,7:30 PM,Toronto Raptors,25,53,21,41,13,17,17,35,26,6,4,12,18,126,New York Knicks,21,47,12,41,20,24,15,30,19,6,4,18,17,98
2019-11-29,12:00 PM,Brooklyn Nets,26,52,17,41,9,13,13,36,30,9,6,18,24,112,Boston Celtics,32,65,9,28,16,21,16,32,16,11,7,19,14,107
2019-11-29,7:30 PM,Cleveland Cavaliers,27,54,17,34,5,10,8,33,32,7,1,14,22,110,Milwaukee Bucks,33,54,12,34,17,23,11,36,28,7,4,13,15,119
2019-11-29,7:00 PM,Detroit Pistons,26,48,15,35,10,20,14,31,27,5,4,13,16,107,Charlotte Hornets,21,45,19,38,11,15,11,26,26,8,6,10,17,110
2019-11-29,8:00 PM,Indiana Pacers,33,66,6,26,21,28,9,33,19,12,6,15,20,105,Atlanta Hawks,30,58,9,32,17,18,10,38,14,10,3,24,27,104
2019-11-29,10:30 PM,Los Angeles Lakers,31,55,14,32,21,28,7,40,29,9,8,18,20,125,Washington Wizards,28,59,10,37,17,19,13,32,25,10,2,17,23,103
2019-11-29,8:00 PM,Memphis Grizzlies,27,60,10,34,10,17,15,40,22,1,8,11,17,94,Utah Jazz,26,60,12,35,15,19,11,41,18,8,2,5,15,103
2019-11-29,8:00 PM,Miami Heat,31,57,13,25,21,28,10,39,23,7,3,15,30,122,Golden State Warriors,20,49,10,28,35,40,5,26,19,4,3,9,23,105
2019-11-29,7:30 PM,New York Knicks,26,58,8,20,19,33,9,28,14,5,4,14,33,95,Philadelphia 76ers,24,46,7,26,32,40,8,38,22,5,10,16,23,101
2019-11-29,8:00 PM,Oklahoma City Thunder,30,56,13,34,10,16,6,36,27,6,8,11,17,109,New Orleans Pelicans,28,49,11,38,15,21,7,37,19,8,3,13,12,104
2019-11-29,7:00 PM,Orlando Magic,20,49,7,29,22,27,13,39,17,10,11,22,19,83,Toronto Raptors,20,46,11,38,17,28,11,35,21,16,4,13,20,90
2019-11-29,9:00 PM,Phoenix Suns,28,55,13,38,18,25,11,36,29,3,3,10,29,113,Dallas Mavericks,18,38,17,47,33,38,9,38,20,7,3,8,24,120
2019-11-29,10:00 PM,Portland Trail Blazers,28,54,10,30,21,28,8,41,20,6,11,13,21,107,Chicago Bulls,22,56,14,38,17,25,11,36,24,8,2,11,22,103
2019-11-29,8:30 PM,San Antonio Spurs,26,57,14,36,13,14,8,40,28,8,8,9,15,107,Los Angeles Clippers,24,59,12,33,13,13,9,39,23,6,5,14,17,97
2019-11-30,8:00 PM,Houston Rockets,27,38,25,51,29,34,13,39,30,9,2,15,23,158,Atlanta Hawks,23,43,15,46,20,25,8,21,26,5,2,13,23,111
2019-11-30,8:00 PM,Milwaukee Bucks,34,52,20,44,9,15,7,46,41,7,3,7,13,137,Charlotte Hornets,22,56,15,45,7,8,15,38,21,4,1,12,18,96
2019-11-30,7:00 PM,Philadelphia 76ers,27,54,11,23,32,36,4,28,27,12,5,12,16,119,Indiana Pacers,31,54,11,22,21,25,3,28,22,7,3,19,24,116
2019-11-30,5:00 PM,Sacramento Kings,29,63,8,33,18,21,13,37,22,12,4,14,23,100,Denver Nuggets,25,55,11,32,14,21,9,39,23,11,5,16,21,97
2019-12-01,3:00 PM,Brooklyn Nets,26,49,14,42,12,16,9,39,24,3,5,12,21,106,Miami Heat,25,58,12,37,23,28,16,35,16,3,2,9,17,109
2019-12-01,5:00 PM,Detroit Pistons,37,57,15,31,13,18,11,39,33,5,5,15,14,132,San Antonio Spurs,29,62,7,26,19,22,7,24,20,11,6,8,15,98
2019-12-01,10:30 PM,Los Angeles Clippers,38,62,14,32,32,40,10,42,22,8,5,16,25,150,Washington Wizards,36,72,11,30,20,27,12,31,32,10,1,14,29,125
2019-12-01,4:00 PM,Los Angeles Lakers,33,60,7,27,13,16,9,36,25,9,3,17,14,100,Dallas Mavericks,25,48,17,49,13,18,16,35,24,11,1,13,20,114
2019-12-01,3:30 PM,Minnesota Timberwolves,22,49,11,36,30,35,10,43,22,7,6,16,21,107,Memphis Grizzlies,25,60,16,40,17,21,12,38,27,8,3,11,26,115
2019-12-01,5:00 PM,New Orleans Pelicans,22,49,17,38,9,10,3,38,22,6,7,11,22,104,Oklahoma City Thunder,27,48,11,33,20,26,5,42,19,5,3,11,14,107
2019-12-01,3:30 PM,New York Knicks,27,50,8,26,26,37,8,31,15,7,6,14,25,104,Boston Celtics,26,52,15,41,16,22,16,28,25,5,7,13,28,113
2019-12-01,6:00 PM,Orlando Magic,26,54,11,33,15,22,12,36,21,7,8,12,20,100,Golden State Warriors,30,68,6,23,18,23,15,31,21,6,5,10,17,96
2019-12-01,6:00 PM,Toronto Raptors,28,54,19,36,17,21,7,36,36,14,8,14,24,130,Utah Jazz,25,55,13,35,21,29,15,36,21,5,3,18,17,110
2019-12-02,7:30 PM,Atlanta Hawks,33,60,8,29,14,15,11,27,21,13,4,14,12,104,Golden State Warriors,30,66,3,17,10,12,18,28,17,11,8,23,20,79
2019-12-02,7:00 PM,Charlotte Hornets,31,59,7,25,21,26,14,39,27,4,7,19,23,104,Phoenix Suns,30,46,9,42,22,30,9,28,30,12,7,7,21,109
2019-12-02,8:00 PM,Memphis Grizzlies,28,51,10,38,18,19,8,30,23,5,6,11,20,104,Indiana Pacers,28,50,16,38,13,15,8,36,31,4,2,15,22,117
2019-12-02,8:00 PM,Milwaukee Bucks,32,51,16,35,20,32,10,47,30,7,4,13,23,132,New York Knicks,18,52,10,39,22,33,14,28,13,4,7,10,21,88
2019-12-02,7:00 PM,Philadelphia 76ers,24,65,13,26,16,23,8,39,24,12,3,14,22,103,Utah Jazz,33,59,5,22,13,20,5,37,23,6,8,19,26,94
2019-12-02,10:00 PM,Sacramento Kings,31,50,9,33,17,20,10,31,22,7,5,18,26,106,Chicago Bulls,20,38,16,37,25,29,3,29,20,9,0,18,20,113
2019-12-03,7:00 PM,Cleveland Cavaliers,30,63,8,27,10,14,12,28,16,6,6,13,11,94,Detroit Pistons,33,59,18,35,7,11,10,36,33,11,7,10,16,127
2019-12-03,9:00 PM,Denver Nuggets,31,62,6,29,16,17,7,28,26,9,4,11,25,96,Los Angeles Lakers,32,60,7,24,20,30,14,42,24,8,5,16,23,105
2019-12-03,10:00 PM,Los Angeles Clippers,26,60,17,34,14,25,11,38,25,7,3,10,15,117,Portland Trail Blazers,32,64,7,27,12,15,12,37,20,5,6,13,23,97
2019-12-03,7:30 PM,New Orleans Pelicans,27,53,11,41,10,15,9,38,20,4,4,11,19,97,Dallas Mavericks,19,43,19,45,23,27,10,41,22,5,8,10,14,118
2019-12-03,8:30 PM,San Antonio Spurs,37,76,13,30,22,32,12,44,35,10,8,20,27,135,Houston Rockets,27,60,15,51,34,36,18,42,22,11,7,17,30,133
2019-12-03,7:30 PM,Toronto Raptors,24,48,11,43,29,36,9,39,25,5,4,11,20,110,Miami Heat,30,61,15,38,16,21,10,45,29,4,7,11,27,121
2019-12-03,7:00 PM,Washington Wizards,33,54,12,35,18,23,5,33,22,9,3,10,23,120,Orlando Magic,31,59,15,31,20,27,8,40,26,3,4,13,18,127
2019-12-04,7:30 PM,Atlanta Hawks,39,64,9,26,13,21,9,26,24,8,9,16,19,118,Brooklyn Nets,36,70,14,31,16,18,18,35,26,8,6,15,20,130
2019-12-04,7:30 PM,Boston Celtics,19,38,16,41,26,32,10,36,21,8,8,10,20,112,Miami Heat,20,39,14,38,11,17,8,32,20,7,2,18,25,93
2019-12-04,8:00 PM,Chicago Bulls,20,44,13,33,27,37,10,40,22,5,13,20,22,106,Memphis Grizzlies,30,66,7,30,18,21,11,35,24,14,6,12,28,99
2019-12-04,7:00 PM,Charlotte Hornets,19,39,21,48,5,8,11,33,30,11,7,13,20,106,Golden State Warriors,27,55,9,23,10,15,6,31,18,7,3,16,12,91
2019-12-04,8:30 PM,Dallas Mavericks,35,55,11,37,18,23,13,32,24,5,5,8,16,121,Minnesota Timberwolves,20,51,17,38,23,26,15,29,23,5,7,12,21,114
2019-12-04,7:00 PM,Detroit Pistons,28,57,11,36,14,22,9,31,25,5,3,11,19,103,Milwaukee Bucks,30,55,14,35,25,27,10,45,25,7,8,14,18,127
2019-12-04,8:00 PM,Oklahoma City Thunder,32,58,9,26,9,10,8,29,25,3,5,11,19,100,Indiana Pacers,33,63,9,24,14,17,11,28,19,5,1,8,21,107
2019-12-04,7:00 PM,Orlando Magic,35,60,14,25,16,20,11,34,27,9,7,19,19,128,Phoenix Suns,28,55,15,33,13,20,8,21,36,10,0,13,20,114
2019-12-04,10:00 PM,Portland Trail Blazers,31,52,16,32,17,21,6,37,28,6,10,12,18,127,Sacramento Kings,33,61,11,34,17,23,13,31,26,7,7,10,17,116
2019-12-04,9:00 PM,Utah Jazz,20,52,14,31,14,19,8,32,20,3,3,18,24,96,Los Angeles Lakers,32,61,14,29,15,25,8,38,27,13,12,7,17,121
2019-12-05,8:00 PM,New Orleans Pelicans,27,46,17,41,27,35,6,34,27,13,9,23,29,132,Phoenix Suns,36,70,14,36,25,27,19,32,30,16,6,18,29,139
2019-12-05,7:30 PM,New York Knicks,25,49,9,34,15,23,5,28,23,9,7,14,16,92,Denver Nuggets,28,48,21,39,10,18,9,39,38,8,5,13,19,129
2019-12-05,7:30 PM,Toronto Raptors,26,49,12,39,21,24,12,33,27,14,5,17,21,109,Houston Rockets,18,43,22,55,17,19,20,34,29,11,2,22,24,119
2019-12-05,7:00 PM,Washington Wizards,30,63,11,27,26,32,13,28,25,9,1,11,20,119,Philadelphia 76ers,28,49,13,28,18,24,8,36,25,7,6,21,24,113
2019-12-06,8:00 PM,Boston Celtics,31,47,13,35,7,8,4,33,21,5,5,15,23,108,Denver Nuggets,34,64,5,30,12,15,12,29,18,5,4,12,15,95
2019-12-06,8:00 PM,Chicago Bulls,22,47,17,41,3,5,10,27,21,11,2,14,20,98,Golden State Warriors,29,47,9,24,15,22,6,33,24,9,4,19,19,100
2019-12-06,7:00 PM,Charlotte Hornets,19,43,17,40,15,17,10,24,23,6,6,19,16,104,Brooklyn Nets,27,50,15,38,12,15,15,34,35,12,5,16,21,111
2019-12-06,7:00 PM,Cleveland Cavaliers,25,49,10,34,7,10,10,35,22,9,7,16,19,87,Orlando Magic,23,56,9,26,20,23,10,33,19,10,9,17,13,93
2019-12-06,7:00 PM,Detroit Pistons,28,62,11,25,19,26,14,37,21,7,5,17,17,108,Indiana Pacers,29,59,9,24,16,20,5,28,24,8,9,11,18,101
2019-12-06,8:00 PM,Miami Heat,32,58,10,28,18,24,11,39,28,6,7,12,13,112,Washington Wizards,27,52,12,39,13,14,9,30,29,6,4,11,20,103
2019-12-06,8:30 PM,Milwaukee Bucks,30,58,14,36,17,21,13,40,29,11,6,15,23,119,Los Angeles Clippers,25,62,8,32,17,19,12,36,18,9,4,21,19,91
2019-12-06,8:00 PM,Oklahoma City Thunder,44,70,5,18,36,40,9,30,19,8,9,10,20,139,Minnesota Timberwolves,37,58,13,38,14,20,10,26,25,8,2,13,29,127
2019-12-06,10:30 PM,Portland Trail Blazers,29,52,10,34,25,29,4,30,20,9,4,15,25,113,Los Angeles Lakers,29,49,17,36,27,33,3,42,26,10,8,16,23,136
2019-12-06,8:30 PM,San Antonio Spurs,30,64,11,32,12,17,13,39,25,10,5,17,16,105,Sacramento Kings,31,68,9,34,15,18,16,36,19,10,3,14,20,104
2019-12-07,2:00 PM,Dallas Mavericks,33,48,13,38,25,31,8,47,25,8,4,12,17,130,New Orleans Pelicans,29,57,3,32,17,21,8,26,17,4,2,14,23,84
2019-12-07,8:00 PM,Houston Rockets,30,51,11,40,22,30,10,41,21,10,7,15,28,115,Phoenix Suns,29,61,11,35,18,28,13,38,29,4,3,15,25,109
2019-12-07,7:30 PM,New York Knicks,29,65,10,31,15,21,15,37,24,11,6,11,14,103,Indiana Pacers,29,57,12,28,10,13,5,37,26,7,9,16,17,104
2019-12-07,7:30 PM,Philadelphia 76ers,46,64,11,26,16,23,10,41,43,13,8,8,16,141,Cleveland Cavaliers,27,61,9,35,13,17,11,24,20,4,0,17,17,94
2019-12-07,10:00 PM,Utah Jazz,26,46,19,34,17,18,9,32,32,8,0,22,25,126,Memphis Grizzlies,33,46,10,35,16,25,5,23,23,15,3,14,19,112
2019-12-08,3:00 PM,Brooklyn Nets,33,59,7,28,18,23,10,38,25,5,1,11,15,105,Denver Nuggets,18,47,18,42,12,14,7,30,25,4,5,12,23,102
2019-12-08,5:00 PM,Charlotte Hornets,25,59,11,31,24,29,13,31,22,8,3,11,17,107,Atlanta Hawks,26,46,18,45,16,17,11,37,28,8,8,13,24,122
2019-12-08,7:00 PM,Dallas Mavericks,24,42,17,44,7,8,10,30,24,3,1,12,11,106,Sacramento Kings,31,51,13,34,9,11,7,28,24,7,1,8,16,110
2019-12-08,9:30 PM,Los Angeles Lakers,41,63,14,31,18,20,10,31,32,9,1,10,19,142,Minnesota Timberwolves,29,47,15,37,22,26,6,25,27,5,6,15,18,125
2019-12-08,6:00 PM,Miami Heat,21,42,11,35,35,44,10,33,20,9,2,17,23,110,Chicago Bulls,22,44,13,36,22,27,6,33,20,8,1,14,31,105
2019-12-08,6:00 PM,Philadelphia 76ers,26,47,14,32,16,21,6,34,31,7,5,18,18,110,Toronto Raptors,27,55,11,33,17,20,13,29,21,13,4,18,22,104
2019-12-08,9:00 PM,Portland Trail Blazers,27,67,9,33,15,18,18,33,16,7,8,8,26,96,Oklahoma City Thunder,24,53,11,32,27,34,13,41,12,7,2,10,22,108
2019-12-08,6:00 PM,Washington Wizards,26,55,14,33,25,30,8,30,28,5,3,13,22,119,Los Angeles Clippers,35,56,15,40,20,27,9,36,27,8,4,10,26,135
2019-12-09,7:30 PM,Boston Celtics,30,51,15,27,5,8,5,34,22,8,9,18,19,110,Cleveland Cavaliers,29,60,7,31,9,19,18,27,18,8,2,18,11,88
2019-12-09,8:00 PM,Chicago Bulls,23,43,12,46,10,14,9,36,30,6,4,14,20,92,Toronto Raptors,27,61,7,29,18,26,14,40,19,8,9,15,12,93
2019-12-09,10:30 PM,Golden State Warriors,24,66,11,27,21,25,10,36,23,10,6,15,21,102,Memphis Grizzlies,26,42,15,40,13,17,1,41,29,13,6,18,20,110
2019-12-09,8:00 PM,Houston Rockets,24,34,17,50,19,23,11,40,25,4,6,19,20,118,Sacramento Kings,20,43,20,45,19,22,9,28,24,14,5,9,17,119
2019-12-09,7:00 PM,Indiana Pacers,24,62,10,35,21,28,14,41,16,7,3,13,21,99,Los Angeles Clippers,30,65,10,32,20,27,12,45,19,7,7,11,16,110
2019-12-09,8:00 PM,Milwaukee Bucks,27,51,16,41,8,15,10,44,30,7,4,14,19,110,Orlando Magic,25,61,10,31,21,26,9,35,24,8,10,12,18,101
2019-12-09,8:00 PM,New Orleans Pelicans,32,53,8,38,15,22,10,35,24,6,1,12,22,103,Detroit Pistons,25,50,11,35,22,27,10,36,15,6,3,18,20,105
2019-12-09,9:00 PM,Phoenix Suns,31,55,16,40,15,19,12,30,31,5,5,9,23,125,Minnesota Timberwolves,34,63,6,22,23,29,11,34,14,6,7,16,23,109
2019-12-09,9:00 PM,Utah Jazz,28,58,8,31,10,12,7,41,19,7,0,14,16,90,Oklahoma City Thunder,32,57,8,28,16,19,2,44,21,9,7,10,20,104
2019-12-10,7:00 PM,Charlotte Hornets,22,44,16,41,22,28,11,37,22,4,4,13,26,114,Washington Wizards,27,55,11,35,20,25,13,32,27,7,7,10,24,107
2019-12-10,8:00 PM,Miami Heat,39,62,14,41,15,22,9,44,35,5,3,11,17,135,Atlanta Hawks,25,41,20,54,11,18,4,33,30,4,6,11,23,121
2019-12-10,8:00 PM,Philadelphia 76ers,25,53,12,36,11,16,12,37,24,9,3,15,15,97,Denver Nuggets,30,58,7,27,11,12,5,33,29,12,9,13,14,92
2019-12-10,10:00 PM,Portland Trail Blazers,22,49,17,41,20,24,11,47,20,6,7,12,21,115,New York Knicks,25,53,7,38,16,26,11,36,16,5,3,11,18,87
2019-12-11,7:30 PM,Brooklyn Nets,28,50,10,38,22,33,17,35,20,5,3,12,21,108,Charlotte Hornets,21,53,15,35,26,32,15,32,20,2,6,8,23,113
2019-12-11,8:00 PM,Chicago Bulls,43,70,11,24,17,19,7,35,32,15,7,13,25,136,Atlanta Hawks,22,45,13,38,19,26,10,31,26,7,5,23,20,102
2019-12-11,7:00 PM,Cleveland Cavaliers,33,57,13,32,5,8,9,27,29,8,4,15,15,110,Houston Rockets,26,45,17,42,13,13,11,25,18,10,6,13,14,116
2019-12-11,10:30 PM,Golden State Warriors,35,67,10,37,22,30,14,32,27,10,6,8,25,122,New York Knicks,31,61,12,29,26,34,12,46,25,5,7,18,24,124
2019-12-11,7:00 PM,Indiana Pacers,31,60,10,25,30,36,5,31,27,11,4,10,18,122,Boston Celtics,29,51,14,36,17,22,8,36,25,6,4,15,27,117
2019-12-11,9:30 PM,Milwaukee Bucks,31,54,19,39,8,9,5,38,27,13,2,14,17,127,New Orleans Pelicans,23,43,16,45,18,22,7,35,29,8,5,21,17,112
2019-12-11,8:00 PM,Minnesota Timberwolves,25,50,15,41,21,26,15,27,18,9,3,11,19,116,Utah Jazz,31,48,16,35,17,22,11,34,23,4,7,15,22,127
2019-12-11,7:00 PM,Orlando Magic,26,55,8,26,11,17,8,33,20,10,5,14,17,87,Los Angeles Lakers,25,56,12,31,10,19,12,37,20,10,4,13,17,96
2019-12-11,9:00 PM,Phoenix Suns,28,59,9,34,25,30,8,36,29,6,4,12,20,108,Memphis Grizzlies,32,63,10,24,21,26,7,48,23,8,4,18,28,115
2019-12-11,10:00 PM,Sacramento Kings,29,57,10,31,6,10,6,35,12,8,3,15,21,94,Oklahoma City Thunder,21,46,13,33,12,18,7,36,24,8,8,15,16,93
2019-12-11,7:00 PM,Toronto Raptors,23,52,8,36,22,25,15,32,21,10,8,18,24,92,Los Angeles Clippers,26,46,12,40,24,27,12,38,29,8,5,18,21,112
2019-12-12,8:00 PM,Boston Celtics,31,60,11,31,14,17,9,24,24,4,7,6,25,109,Philadelphia 76ers,27,54,14,28,19,23,8,37,27,4,8,11,19,115
2019-12-12,10:30 PM,Denver Nuggets,24,52,18,36,12,19,15,33,25,6,2,10,13,114,Portland Trail Blazers,32,56,9,30,8,11,7,28,22,4,7,8,16,99
2019-12-12,9:00 PM,Detroit Pistons,25,47,15,42,16,23,5,29,23,8,2,7,16,111,Dallas Mavericks,29,44,16,44,16,23,11,41,25,4,5,11,21,122
2019-12-12,8:30 PM,San Antonio Spurs,37,70,5,16,20,25,2,34,19,11,7,12,21,109,Cleveland Cavaliers,29,51,15,45,14,20,11,39,22,6,3,18,22,117
2019-12-13,7:30 PM,Atlanta Hawks,33,66,6,28,16,23,12,38,24,6,4,15,20,100,Indiana Pacers,39,70,7,22,11,15,6,40,28,7,0,14,21,110
2019-12-13,8:00 PM,Chicago Bulls,20,56,7,34,12,14,11,34,20,11,7,12,20,73,Charlotte Hornets,24,48,6,31,17,21,11,49,21,9,5,20,16,83
2019-12-13,8:00 PM,Memphis Grizzlies,18,49,20,49,18,23,11,34,27,9,5,13,26,114,Milwaukee Bucks,33,57,11,30,28,33,9,46,22,4,3,17,21,127
2019-12-13,7:00 PM,Miami Heat,29,52,10,33,22,28,5,29,24,8,2,8,21,110,Los Angeles Lakers,31,50,12,37,15,23,14,36,26,5,9,19,23,113
2019-12-13,9:30 PM,Minnesota Timberwolves,28,44,10,41,31,37,7,32,17,9,3,18,26,117,Los Angeles Clippers,28,54,11,25,35,39,8,37,16,5,2,19,30,124
2019-12-13,7:00 PM,Orlando Magic,25,54,15,37,12,16,13,24,24,3,6,6,15,107,Houston Rockets,26,47,22,39,12,13,7,35,21,5,7,9,20,130
2019-12-13,7:00 PM,Philadelphia 76ers,36,67,7,20,23,34,9,38,24,7,8,9,24,116,New Orleans Pelicans,29,64,9,24,24,35,12,33,24,5,2,9,29,109
2019-12-13,10:00 PM,Sacramento Kings,22,44,17,39,6,8,8,33,19,0,3,13,18,101,New York Knicks,35,65,9,30,6,10,14,34,24,7,3,8,18,103
2019-12-13,9:00 PM,Utah Jazz,21,41,16,38,24,31,7,36,22,5,3,13,20,114,Golden State Warriors,32,62,9,29,15,22,14,34,19,9,7,12,26,106
2019-12-14,8:00 PM,Chicago Bulls,26,54,14,31,15,18,12,38,21,12,9,17,25,109,Los Angeles Clippers,25,58,10,22,26,36,8,32,20,9,4,15,17,106
2019-12-14,8:30 PM,Dallas Mavericks,28,57,17,44,11,17,8,40,30,4,3,11,27,118,Miami Heat,23,51,16,40,28,34,5,44,27,8,3,8,18,122
2019-12-14,9:00 PM,Denver Nuggets,36,58,7,27,17,23,10,34,30,6,3,15,23,110,Oklahoma City Thunder,32,58,6,23,20,23,7,30,22,7,3,15,23,102
2019-12-14,9:00 PM,Houston Rockets,28,57,13,45,12,18,11,35,18,9,8,11,19,107,Detroit Pistons,29,55,12,37,21,25,11,44,27,6,6,14,15,115
2019-12-14,8:00 PM,Memphis Grizzlies,37,57,11,27,21,24,9,37,32,11,7,23,24,128,Washington Wizards,22,47,14,38,25,32,11,23,22,12,4,18,22,111
2019-12-14,8:30 PM,Milwaukee Bucks,32,48,14,37,19,26,8,33,26,12,6,12,17,125,Cleveland Cavaliers,26,55,15,35,11,15,12,33,27,10,3,18,19,108
2019-12-14,5:00 PM,Phoenix Suns,35,63,10,40,19,26,6,53,29,5,5,10,24,119,San Antonio Spurs,36,76,8,30,25,34,10,52,23,6,9,11,22,121
2019-12-14,7:30 PM,Toronto Raptors,24,58,14,40,20,25,10,41,21,10,10,11,23,110,Brooklyn Nets,27,55,12,46,12,17,13,46,24,4,7,20,20,102
2019-12-15,6:00 PM,Atlanta Hawks,19,44,12,42,22,25,8,34,18,8,5,19,27,96,Los Angeles Lakers,31,53,5,31,24,33,13,43,21,14,9,22,24,101
2019-12-15,6:00 PM,Brooklyn Nets,34,70,9,24,14,18,12,39,22,9,1,16,23,109,Philadelphia 76ers,32,60,5,26,10,17,7,31,19,9,13,16,20,89
2019-12-15,8:00 PM,Denver Nuggets,34,66,10,28,13,19,17,31,27,5,6,9,9,111,New York Knicks,36,62,8,32,9,10,14,33,20,9,2,11,19,105
2019-12-15,8:30 PM,Golden State Warriors,24,51,6,25,13,18,7,18,24,14,1,20,17,79,Sacramento Kings,28,41,10,22,14,16,4,34,27,9,3,27,20,100
2019-12-15,5:00 PM,Indiana Pacers,30,53,10,35,17,20,8,43,30,6,9,9,25,107,Charlotte Hornets,23,59,5,32,24,35,17,39,18,4,5,10,21,85
2019-12-15,3:30 PM,New Orleans Pelicans,28,45,19,43,6,12,11,29,34,6,7,17,21,119,Orlando Magic,29,55,17,34,21,26,8,31,32,8,2,9,15,130
2019-12-16,7:00 PM,Detroit Pistons,28,47,13,39,24,34,12,24,29,6,4,14,19,119,Washington Wizards,31,54,18,34,17,21,7,28,31,6,5,15,27,133
2019-12-16,8:00 PM,Houston Rockets,29,55,11,43,18,27,14,44,20,9,6,12,19,109,San Antonio Spurs,27,58,12,33,17,20,8,45,23,5,4,18,22,107
2019-12-16,8:00 PM,Memphis Grizzlies,29,50,13,36,21,30,16,29,28,4,6,15,20,118,Miami Heat,26,57,11,24,26,31,7,28,22,9,7,14,26,111
2019-12-16,8:00 PM,Milwaukee Bucks,33,64,11,41,17,24,15,37,29,8,4,8,23,116,Dallas Mavericks,25,47,16,41,22,27,8,44,27,5,6,14,23,120
2019-12-16,8:00 PM,Oklahoma City Thunder,19,35,16,34,23,28,9,33,21,8,6,26,15,109,Chicago Bulls,34,56,9,31,11,13,5,26,27,17,6,13,21,106
2019-12-16,9:00 PM,Phoenix Suns,29,56,12,34,16,19,11,33,31,11,5,20,21,110,Portland Trail Blazers,26,50,14,34,17,20,9,32,21,9,9,20,27,111
2019-12-16,7:30 PM,Toronto Raptors,36,57,16,32,13,17,6,35,31,7,2,7,19,133,Cleveland Cavaliers,32,55,12,35,13,17,9,30,30,6,1,10,15,113
2019-12-17,7:00 PM,Charlotte Hornets,26,51,13,30,19,27,16,35,26,5,8,16,18,110,Sacramento Kings,24,52,14,39,12,13,10,23,23,10,5,10,22,102
2019-12-17,7:00 PM,Indiana Pacers,31,60,10,25,13,20,13,30,22,9,6,12,21,105,Los Angeles Lakers,35,60,8,31,8,17,14,28,28,5,6,13,19,102
2019-12-17,10:30 PM,Los Angeles Clippers,31,57,14,32,16,22,6,38,23,14,4,15,15,120,Phoenix Suns,31,67,10,35,7,10,16,34,30,11,3,19,23,99
2019-12-17,8:00 PM,New Orleans Pelicans,26,67,11,40,16,24,16,42,20,3,9,8,19,101,Brooklyn Nets,29,57,11,39,17,23,6,48,25,3,10,11,22,108
2019-12-17,7:30 PM,New York Knicks,40,67,13,28,24,31,13,42,30,7,6,11,21,143,Atlanta Hawks,30,56,15,43,15,20,9,27,20,7,3,10,21,120
2019-12-17,9:00 PM,Utah Jazz,27,54,15,36,10,16,10,48,27,3,3,14,16,109,Orlando Magic,35,58,7,35,11,15,4,37,21,6,5,3,18,102
2019-12-18,7:00 PM,Cleveland Cavaliers,33,48,7,26,13,17,10,38,25,7,3,23,21,100,Charlotte Hornets,24,54,13,37,11,18,15,20,25,12,3,9,20,98
2019-12-18,9:30 PM,Dallas Mavericks,19,44,15,43,20,25,10,32,23,7,10,7,20,103,Boston Celtics,23,48,12,38,27,30,14,40,13,3,4,15,21,109
2019-12-18,9:00 PM,Denver Nuggets,29,57,11,27,22,25,14,38,28,8,3,17,17,113,Orlando Magic,26,58,11,29,19,21,8,27,25,9,5,12,19,104
2019-12-18,7:00 PM,Detroit Pistons,33,52,6,35,15,22,10,38,19,7,6,15,17,99,Toronto Raptors,26,56,13,35,21,24,12,35,27,9,6,12,20,112
2019-12-18,8:00 PM,Minnesota Timberwolves,26,56,10,39,17,27,12,31,20,9,3,10,18,99,New Orleans Pelicans,24,53,14,33,17,21,11,44,23,6,4,17,19,107
2019-12-18,8:00 PM,Oklahoma City Thunder,39,60,7,24,27,34,6,29,25,6,6,12,16,126,Memphis Grizzlies,40,73,10,26,12,15,15,32,27,5,2,13,25,122
2019-12-18,7:00 PM,Philadelphia 76ers,26,51,12,39,16,18,15,26,24,9,5,13,17,104,Miami Heat,28,54,12,31,16,20,11,36,26,6,4,12,14,108
2019-12-18,10:00 PM,Portland Trail Blazers,35,66,9,31,25,28,14,43,19,6,8,10,22,122,Golden State Warriors,25,65,16,38,14,23,17,33,24,7,7,8,23,112
2019-12-18,7:00 PM,Washington Wizards,20,50,14,45,27,32,14,41,21,8,7,14,20,109,Chicago Bulls,28,60,11,37,21,24,11,42,25,10,6,15,24,110
2019-12-19,7:30 PM,Atlanta Hawks,28,61,11,29,17,19,6,34,24,8,1,16,27,106,Utah Jazz,33,59,6,24,27,38,13,40,18,8,6,18,17,111
2019-12-19,10:30 PM,Los Angeles Clippers,27,49,16,37,15,19,7,31,23,10,7,18,24,117,Houston Rockets,29,49,14,37,22,29,10,33,23,9,4,18,20,122
2019-12-19,8:00 PM,Milwaukee Bucks,20,38,16,39,23,32,8,32,22,14,7,13,25,111,Los Angeles Lakers,25,45,12,35,18,23,7,31,24,4,6,18,24,104
2019-12-19,8:30 PM,San Antonio Spurs,30,63,13,33,19,23,13,34,26,10,8,11,19,118,Brooklyn Nets,28,47,7,36,28,30,6,41,16,9,3,18,21,105
2019-12-20,7:30 PM,Boston Celtics,36,59,9,27,15,21,13,38,24,13,9,20,19,114,Detroit Pistons,23,54,11,31,14,19,11,25,21,13,2,24,16,93
2019-12-20,7:00 PM,Cleveland Cavaliers,23,55,17,37,17,23,16,44,26,4,10,14,12,114,Memphis Grizzlies,30,61,14,41,5,7,10,36,31,9,8,7,17,107
2019-12-20,9:00 PM,Denver Nuggets,34,61,10,28,11,12,10,34,27,9,5,15,22,109,Minnesota Timberwolves,26,45,10,42,18,27,16,30,20,8,8,14,15,100
2019-12-20,10:30 PM,Golden State Warriors,26,50,10,33,24,25,10,37,25,10,4,17,24,106,New Orleans Pelicans,30,59,9,34,15,23,13,35,23,8,5,17,19,102
2019-12-20,7:00 PM,Indiana Pacers,31,55,14,31,15,18,7,32,34,5,7,9,15,119,Sacramento Kings,31,59,10,32,13,15,13,28,25,4,6,10,15,105
2019-12-20,8:00 PM,Miami Heat,25,39,18,38,25,34,9,42,34,6,3,17,22,129,New York Knicks,31,60,10,34,22,33,13,28,23,11,2,8,25,114
2019-12-20,8:00 PM,Oklahoma City Thunder,39,63,10,24,18,21,8,33,23,7,7,15,23,126,Phoenix Suns,27,55,11,32,21,23,12,25,26,9,4,15,29,108
2019-12-20,8:00 PM,Philadelphia 76ers,28,56,10,34,12,18,11,35,25,9,2,15,16,98,Dallas Mavericks,29,50,14,33,17,22,8,41,23,10,4,16,17,117
2019-12-20,10:00 PM,Portland Trail Blazers,25,48,17,36,17,19,11,43,16,4,11,20,24,118,Orlando Magic,32,78,7,28,18,26,18,30,21,14,5,10,16,103
2019-12-20,7:30 PM,Toronto Raptors,26,48,12,30,34,44,6,36,26,6,3,17,25,122,Washington Wizards,26,48,14,39,24,32,8,31,24,6,1,13,28,118
2019-12-21,6:00 PM,Brooklyn Nets,35,70,11,30,19,28,12,49,23,8,4,15,18,122,Atlanta Hawks,28,57,11,48,23,27,14,38,17,7,5,10,22,112
2019-12-21,5:00 PM,Charlotte Hornets,27,56,12,29,17,22,11,25,20,13,4,14,25,107,Utah Jazz,22,41,17,34,19,20,8,34,27,7,4,21,27,114
2019-12-21,7:00 PM,Detroit Pistons,24,52,16,35,11,12,6,23,30,14,4,16,20,107,Chicago Bulls,22,42,18,35,21,25,11,35,21,8,4,18,13,119
2019-12-21,8:00 PM,Memphis Grizzlies,25,48,15,35,24,29,8,36,32,8,6,14,16,119,Sacramento Kings,32,64,11,36,18,24,18,33,22,10,3,12,23,115
2019-12-21,7:30 PM,New York Knicks,30,67,9,30,15,21,9,38,23,10,6,14,27,102,Milwaukee Bucks,23,42,18,43,23,35,8,44,26,9,14,19,16,123
2019-12-21,7:00 PM,Philadelphia 76ers,35,61,14,33,13,21,16,37,28,7,4,14,26,125,Washington Wizards,29,57,7,31,29,34,7,31,18,7,3,11,21,108
2019-12-21,9:00 PM,Phoenix Suns,39,63,8,28,23,30,10,31,26,5,1,8,18,125,Houston Rockets,32,46,19,41,18,23,5,32,23,4,5,10,23,139
2019-12-21,10:00 PM,Portland Trail Blazers,27,59,13,35,20,25,12,33,19,9,13,14,21,113,Minnesota Timberwolves,23,50,15,37,15,16,7,32,16,8,8,16,18,106
2019-12-21,8:30 PM,San Antonio Spurs,32,54,10,28,15,19,4,32,24,5,8,18,20,109,Los Angeles Clippers,42,63,12,36,14,19,13,30,32,11,2,11,19,134
2019-12-22,6:00 PM,Boston Celtics,32,56,14,32,13,16,10,47,25,2,9,11,24,119,Charlotte Hornets,23,48,10,34,17,23,2,25,26,3,5,3,17,93
2019-12-22,9:30 PM,Los Angeles Lakers,29,54,10,29,16,22,18,27,18,7,9,19,25,104,Denver Nuggets,34,60,11,32,27,30,17,27,31,13,2,8,19,128
2019-12-22,7:00 PM,Milwaukee Bucks,29,60,15,44,14,17,16,45,31,10,9,9,7,117,Indiana Pacers,25,60,12,40,3,5,10,38,27,7,5,13,15,89
2019-12-22,7:00 PM,Oklahoma City Thunder,37,70,9,27,17,20,16,33,24,10,4,12,20,118,Los Angeles Clippers,29,59,11,27,21,24,10,32,22,7,2,15,23,112
2019-12-22,3:30 PM,Toronto Raptors,27,60,10,34,26,31,14,37,21,12,5,10,21,110,Dallas Mavericks,20,44,15,46,22,27,14,39,27,6,4,17,22,107
2019-12-23,7:00 PM,Cleveland Cavaliers,39,67,11,29,10,12,7,36,19,8,6,23,16,121,Atlanta Hawks,30,53,15,42,13,17,5,32,23,11,7,16,20,118
2019-12-23,7:00 PM,Detroit Pistons,33,54,10,30,13,18,6,24,27,9,1,13,14,109,Philadelphia 76ers,40,65,12,30,9,11,17,31,33,8,8,12,21,125
2019-12-23,10:30 PM,Golden State Warriors,26,57,12,30,25,30,13,42,27,11,6,19,27,113,Minnesota Timberwolves,24,53,11,34,23,29,9,31,16,10,7,16,18,104
2019-12-23,7:00 PM,Indiana Pacers,27,53,18,42,12,20,13,32,34,7,8,12,22,120,Toronto Raptors,32,54,11,40,18,24,12,38,30,6,8,16,22,115
2019-12-23,8:00 PM,Memphis Grizzlies,30,59,15,37,10,16,11,24,28,7,0,13,19,115,San Antonio Spurs,45,65,15,24,10,14,4,42,36,9,4,12,14,145
2019-12-23,7:30 PM,Miami Heat,28,65,9,25,24,27,13,43,16,8,3,14,16,107,Utah Jazz,27,54,12,36,14,18,10,35,17,10,6,11,21,104
2019-12-23,7:00 PM,New York Knicks,29,57,15,36,12,15,11,33,29,4,10,14,25,115,Washington Wizards,37,70,10,30,17,30,16,32,27,12,7,8,12,121
2019-12-23,7:00 PM,Orlando Magic,29,55,10,26,15,23,6,40,23,10,13,13,15,103,Chicago Bulls,22,51,13,37,12,15,11,36,20,7,5,15,17,95
2019-12-23,9:00 PM,Phoenix Suns,29,50,13,37,14,18,9,29,29,10,0,17,19,111,Denver Nuggets,28,50,15,28,12,15,6,33,31,10,1,21,24,113
2019-12-23,10:00 PM,Portland Trail Blazers,33,62,4,29,16,18,8,40,17,6,6,11,17,94,New Orleans Pelicans,23,58,15,35,11,16,13,42,23,6,6,12,19,102
2019-12-23,10:00 PM,Sacramento Kings,34,57,7,30,15,23,11,38,20,4,4,17,24,104,Houston Rockets,24,48,15,39,20,23,6,33,18,10,3,11,22,113
2019-12-25,10:30 PM,Denver Nuggets,25,55,12,37,14,18,13,27,24,10,4,12,15,100,New Orleans Pelicans,23,47,18,43,12,12,14,38,23,9,5,18,14,112
2019-12-25,5:00 PM,Golden State Warriors,32,59,9,28,25,28,11,43,27,7,8,16,18,116,Houston Rockets,21,49,16,51,14,16,14,35,19,8,3,12,25,104
2019-12-25,8:00 PM,Los Angeles Lakers,27,51,12,45,16,21,12,30,24,11,10,13,23,106,Los Angeles Clippers,30,60,9,25,24,32,13,37,24,6,6,16,17,111
2019-12-25,2:30 PM,Philadelphia 76ers,23,57,21,44,12,15,14,35,29,9,7,7,12,121,Milwaukee Bucks,32,62,13,33,6,8,8,39,23,6,6,10,15,109
2019-12-25,12:00 PM,Toronto Raptors,30,57,8,23,18,22,7,27,17,13,7,17,13,102,Boston Celtics,32,59,14,33,12,14,13,32,26,7,3,19,22,118
2019-12-26,7:30 PM,Brooklyn Nets,8,28,13,50,27,36,9,41,17,3,3,13,19,82,New York Knicks,28,63,9,29,11,15,13,47,16,6,2,13,27,94
2019-12-26,8:00 PM,Dallas Mavericks,22,50,16,40,10,15,13,39,22,7,3,14,11,102,San Antonio Spurs,32,54,8,29,10,15,5,40,18,9,7,13,16,98
2019-12-26,7:00 PM,Detroit Pistons,27,38,19,48,21,26,11,37,32,5,5,14,23,132,Washington Wizards,31,68,7,24,19,27,18,26,18,7,5,12,25,102
2019-12-26,8:00 PM,Oklahoma City Thunder,28,57,10,35,11,13,7,27,23,11,4,9,14,97,Memphis Grizzlies,36,59,10,25,8,11,8,42,26,6,8,15,14,110
2019-12-26,10:00 PM,Sacramento Kings,28,68,9,39,21,25,16,51,20,8,8,12,23,104,Minnesota Timberwolves,26,58,10,46,23,29,14,51,23,7,5,13,20,105
2019-12-26,10:30 PM,Utah Jazz,32,45,14,36,15,22,7,34,22,3,1,10,18,121,Portland Trail Blazers,28,55,15,34,14,19,11,32,14,4,1,12,21,115
2019-12-27,7:30 PM,Atlanta Hawks,21,50,12,41,8,14,8,38,20,10,8,18,18,86,Milwaukee Bucks,35,63,11,28,9,13,6,50,29,9,8,18,13,112
2019-12-27,4:00 PM,Boston Celtics,35,55,14,40,17,19,12,31,28,4,10,11,23,129,Cleveland Cavaliers,35,62,9,23,20,29,6,32,22,7,3,11,17,117
2019-12-27,7:00 PM,Charlotte Hornets,35,62,7,39,11,18,17,37,26,8,4,15,27,102,Oklahoma City Thunder,35,58,5,31,19,31,10,39,19,8,4,14,23,104
2019-12-27,10:30 PM,Golden State Warriors,29,65,9,27,20,25,11,30,22,10,5,10,17,105,Phoenix Suns,28,42,7,33,19,24,11,38,22,6,1,26,21,96
2019-12-27,8:00 PM,Miami Heat,24,51,16,38,17,19,14,42,29,3,2,13,12,113,Indiana Pacers,30,59,14,31,10,12,2,32,27,8,4,4,16,112
2019-12-27,7:00 PM,Orlando Magic,27,58,10,30,14,23,10,38,26,4,5,15,21,98,Philadelphia 76ers,25,58,10,29,17,21,7,38,23,10,3,15,22,97
2019-12-28,7:00 PM,Boston Celtics,24,46,7,32,28,36,7,24,18,11,4,14,17,97,Toronto Raptors,30,50,14,34,11,17,15,38,27,8,3,22,32,113
2019-12-28,8:00 PM,Chicago Bulls,28,56,15,31,15,19,13,38,22,13,5,17,15,116,Atlanta Hawks,23,52,9,34,8,11,9,30,24,8,5,19,16,81
2019-12-28,5:00 PM,Denver Nuggets,36,64,9,29,20,27,10,33,28,9,4,10,20,119,Memphis Grizzlies,32,54,9,30,19,25,11,34,32,5,5,17,24,110
2019-12-28,8:30 PM,Golden State Warriors,27,54,18,39,13,17,9,33,28,4,3,13,19,121,Dallas Mavericks,24,41,24,51,21,21,9,37,35,11,7,13,17,141
2019-12-28,8:00 PM,Houston Rockets,31,59,13,42,7,16,16,38,16,7,6,14,15,108,Brooklyn Nets,26,53,11,39,13,21,9,38,24,7,5,15,15,98
2019-12-28,10:30 PM,Los Angeles Clippers,23,55,12,40,25,27,16,30,22,9,4,7,18,107,Utah Jazz,28,51,17,35,13,17,6,41,25,4,2,12,20,120
2019-12-28,8:00 PM,Miami Heat,32,66,10,28,23,29,8,35,26,6,4,8,21,117,Philadelphia 76ers,32,59,10,30,22,29,8,39,24,5,4,9,24,116
2019-12-28,8:30 PM,Milwaukee Bucks,30,47,13,37,12,18,14,44,30,6,5,23,13,111,Orlando Magic,21,52,14,35,16,19,5,29,21,16,7,11,17,100
2019-12-28,8:00 PM,Minnesota Timberwolves,25,56,8,37,14,19,14,26,17,17,8,18,29,88,Cleveland Cavaliers,28,57,4,20,26,36,14,46,13,9,4,28,21,94
2019-12-28,7:00 PM,New Orleans Pelicans,25,51,18,42,16,20,11,38,25,9,2,12,18,120,Indiana Pacers,27,57,6,28,26,29,12,34,17,6,2,18,16,98
2019-12-28,10:00 PM,Portland Trail Blazers,26,51,15,35,23,27,9,30,18,4,8,16,22,120,Los Angeles Lakers,36,59,11,32,23,28,11,33,32,6,7,9,25,128
2019-12-28,9:00 PM,Sacramento Kings,29,53,12,31,16,24,7,29,19,3,4,12,16,110,Phoenix Suns,36,60,9,26,13,15,7,33,30,10,2,13,21,112
2019-12-28,8:30 PM,San Antonio Spurs,35,58,18,35,12,15,7,44,30,8,7,11,20,136,Detroit Pistons,28,54,12,36,17,30,10,30,20,9,5,11,15,109
2019-12-28,8:00 PM,Washington Wizards,23,71,10,25,24,31,14,35,16,15,3,11,22,100,New York Knicks,27,54,11,31,20,26,11,45,25,5,5,21,25,107
2019-12-29,8:00 PM,Denver Nuggets,34,52,8,29,28,31,10,27,23,6,4,12,18,120,Sacramento Kings,32,51,13,34,12,17,9,26,32,5,4,12,26,115
2019-12-29,9:30 PM,Los Angeles Lakers,29,55,9,23,23,28,6,33,28,12,7,16,23,108,Dallas Mavericks,19,46,13,43,18,20,13,32,17,11,4,18,23,95
2019-12-29,8:00 PM,Memphis Grizzlies,35,58,10,35,17,17,14,37,30,5,5,14,20,117,Charlotte Hornets,28,55,9,31,21,32,11,31,23,8,4,14,19,104
2019-12-29,8:00 PM,New Orleans Pelicans,32,58,18,44,9,13,14,32,32,9,4,9,17,127,Houston Rockets,27,42,15,39,13,20,8,33,29,5,3,17,16,112
2019-12-29,6:00 PM,Toronto Raptors,20,43,15,40,12,12,8,34,21,7,2,14,20,97,Oklahoma City Thunder,24,45,10,33,20,23,8,35,15,8,6,17,14,98
2019-12-30,8:00 PM,Chicago Bulls,23,63,17,44,5,8,14,29,26,10,2,10,20,102,Milwaukee Bucks,35,52,11,32,20,24,10,49,29,6,9,16,17,123
2019-12-30,8:00 PM,Minnesota Timberwolves,25,60,17,44,21,29,11,49,20,12,8,14,22,122,Brooklyn Nets,25,58,15,41,20,27,7,51,22,4,6,16,25,115
2019-12-30,7:00 PM,Orlando Magic,32,64,5,25,14,24,11,29,22,9,6,9,17,93,Atlanta Hawks,30,52,9,29,14,17,11,41,21,8,4,20,20,101
2019-12-30,10:00 PM,Portland Trail Blazers,30,62,14,34,14,18,10,32,24,5,4,8,19,116,Phoenix Suns,31,69,13,23,21,22,10,34,29,6,4,9,17,122
2019-12-30,9:00 PM,Utah Jazz,29,57,10,26,16,20,9,37,20,7,6,14,21,104,Detroit Pistons,26,65,4,14,17,23,10,33,14,10,5,17,20,81
2019-12-30,7:00 PM,Washington Wizards,26,47,17,37,20,30,9,31,26,13,6,9,27,123,Miami Heat,23,45,10,28,29,39,10,34,18,5,1,18,22,105
2019-12-31,3:00 PM,Charlotte Hornets,22,52,12,34,12,16,8,33,25,7,4,17,16,92,Boston Celtics,30,59,14,38,7,10,15,39,25,12,9,10,16,109
2019-12-31,7:00 PM,Houston Rockets,30,53,16,34,22,31,13,30,20,6,7,15,17,130,Denver Nuggets,37,72,8,25,6,9,14,25,25,7,5,16,22,104
2019-12-31,3:00 PM,Indiana Pacers,31,61,11,25,20,26,5,33,35,3,6,6,16,115,Philadelphia 76ers,31,62,6,29,17,20,14,33,24,4,6,12,22,97
2019-12-31,8:00 PM,Oklahoma City Thunder,33,64,6,27,22,28,18,38,18,7,5,11,21,106,Dallas Mavericks,18,42,15,51,20,27,17,32,19,5,4,10,24,101
2019-12-31,5:00 PM,Sacramento Kings,25,52,8,28,13,19,11,30,20,8,5,15,23,87,Los Angeles Clippers,24,52,12,36,21,22,14,37,21,9,2,11,17,105
2019-12-31,7:00 PM,San Antonio Spurs,31,65,14,31,13,17,10,43,30,6,6,10,18,117,Golden State Warriors,32,69,12,27,13,18,9,35,31,5,6,8,14,113
2019-12-31,7:00 PM,Toronto Raptors,23,45,17,39,20,25,10,35,29,5,7,11,15,117,Cleveland Cavaliers,27,49,10,38,13,16,8,33,21,5,4,14,19,97
2020-01-01,10:30 PM,Los Angeles Lakers,36,62,7,28,24,34,13,32,25,9,5,12,17,117,Phoenix Suns,36,63,6,23,17,23,11,36,32,7,3,14,28,107
2020-01-01,8:00 PM,Milwaukee Bucks,31,58,9,36,17,26,12,48,24,4,12,17,22,106,Minnesota Timberwolves,19,45,15,46,21,28,6,42,18,7,8,11,25,104
2020-01-01,7:30 PM,New York Knicks,33,62,14,36,9,14,9,46,29,3,6,7,14,117,Portland Trail Blazers,27,62,10,32,9,15,10,37,17,4,5,8,11,93
2020-01-01,6:00 PM,Washington Wizards,24,56,9,31,26,31,9,37,18,5,4,13,23,101,Orlando Magic,33,63,12,32,20,27,11,41,25,11,6,9,21,122
2020-01-02,8:00 PM,Chicago Bulls,26,58,11,36,13,17,15,30,22,8,5,10,15,98,Utah Jazz,26,46,11,30,17,22,7,35,24,5,6,17,17,102
2020-01-02,7:00 PM,Cleveland Cavaliers,28,46,13,35,11,14,7,35,26,6,3,14,22,106,Charlotte Hornets,22,45,15,38,20,24,10,29,25,5,0,11,15,109
2020-01-02,8:30 PM,Dallas Mavericks,27,51,18,38,15,17,12,34,22,4,8,13,21,123,Brooklyn Nets,30,54,12,37,15,17,12,32,29,5,1,11,21,111
2020-01-02,7:00 PM,Indiana Pacers,31,56,12,26,18,25,9,25,32,7,3,9,21,116,Denver Nuggets,38,60,8,27,24,27,15,32,27,7,2,10,21,124
2020-01-02,10:30 PM,Los Angeles Clippers,39,64,11,28,15,21,11,40,29,6,11,15,22,126,Detroit Pistons,33,61,7,33,25,35,12,33,20,10,1,11,23,112
2020-01-02,7:30 PM,Miami Heat,21,44,12,37,6,11,9,41,23,6,4,13,13,84,Toronto Raptors,22,47,6,42,14,17,13,35,20,4,6,10,12,76
2020-01-02,8:00 PM,Minnesota Timberwolves,25,52,13,43,10,17,17,35,22,7,7,12,20,99,Golden State Warriors,30,57,3,20,15,21,7,36,20,9,1,16,20,84
2020-01-02,10:00 PM,Sacramento Kings,30,56,14,34,26,31,7,34,26,9,8,12,24,128,Memphis Grizzlies,32,59,13,34,20,21,8,34,31,4,0,17,25,123
2020-01-02,8:30 PM,San Antonio Spurs,27,61,13,31,10,12,14,31,22,1,8,8,22,103,Oklahoma City Thunder,34,64,9,25,14,20,8,35,19,7,6,4,14,109
2020-01-03,7:00 PM,Boston Celtics,35,68,6,25,21,29,12,42,23,9,7,12,16,109,Atlanta Hawks,23,48,16,45,12,15,6,36,26,6,5,14,24,106
2020-01-03,8:00 PM,Houston Rockets,29,54,12,32,24,32,8,38,22,6,3,11,24,118,Philadelphia 76ers,36,65,6,27,18,25,10,34,32,7,6,11,22,108
2020-01-03,10:30 PM,Los Angeles Lakers,29,57,14,29,23,28,8,39,29,9,4,12,14,123,New Orleans Pelicans,37,65,11,37,6,7,9,31,24,4,10,11,20,113
2020-01-03,7:00 PM,Orlando Magic,20,46,13,35,26,29,7,37,25,11,4,10,17,105,Miami Heat,23,43,7,37,18,23,10,39,16,7,2,18,20,85
2020-01-03,9:00 PM,Phoenix Suns,32,62,10,28,26,33,9,39,28,7,3,10,25,120,New York Knicks,31,55,10,37,20,30,13,39,19,7,7,15,26,112
2020-01-03,7:00 PM,Washington Wizards,27,57,11,33,16,25,14,27,19,5,4,12,28,103,Portland Trail Blazers,39,63,6,25,26,33,11,30,16,6,7,7,21,122
2020-01-04,7:30 PM,Atlanta Hawks,32,50,10,32,22,24,4,36,22,8,4,13,28,116,Indiana Pacers,26,60,10,27,29,35,13,26,24,8,4,11,24,111
2020-01-04,6:00 PM,Brooklyn Nets,19,32,13,35,25,34,6,32,24,4,11,24,24,102,Toronto Raptors,31,65,13,32,20,28,15,28,21,10,4,7,25,121
2020-01-04,8:00 PM,Chicago Bulls,21,46,13,34,23,31,11,26,23,15,5,15,22,104,Boston Celtics,35,63,8,19,17,21,13,31,22,10,5,19,22,111
2020-01-04,7:30 PM,Cleveland Cavaliers,25,55,14,30,14,17,9,33,19,4,0,13,26,106,Oklahoma City Thunder,29,59,14,37,21,26,18,34,24,6,4,11,16,121
2020-01-04,8:30 PM,Dallas Mavericks,32,50,15,50,11,13,14,27,28,7,4,10,25,120,Charlotte Hornets,31,60,11,25,28,31,16,37,27,5,5,17,22,123
2020-01-04,8:30 PM,Golden State Warriors,22,61,11,21,27,32,11,31,26,13,3,14,19,104,Detroit Pistons,32,56,11,27,14,16,9,37,24,13,5,21,25,111
2020-01-04,3:30 PM,Los Angeles Clippers,38,71,7,30,17,22,14,35,20,3,1,13,22,114,Memphis Grizzlies,31,57,18,39,24,28,11,43,36,8,10,9,23,140
2020-01-04,8:30 PM,Milwaukee Bucks,26,42,17,45,24,33,7,42,23,4,10,9,22,127,San Antonio Spurs,27,60,11,32,31,34,11,39,20,7,0,8,20,118
2020-01-04,7:00 PM,Orlando Magic,27,48,11,37,9,12,9,37,21,6,5,10,12,96,Utah Jazz,26,53,16,40,9,14,14,37,22,3,3,8,10,109
2020-01-04,10:00 PM,Sacramento Kings,26,64,12,21,27,36,14,37,20,9,3,20,24,115,New Orleans Pelicans,22,42,16,45,25,33,9,35,28,11,3,15,25,117
2020-01-04,8:00 PM,Washington Wizards,44,75,6,16,22,27,14,35,20,5,6,11,28,128,Denver Nuggets,34,58,6,29,28,34,9,24,18,6,2,12,23,114
2020-01-05,7:30 PM,Cleveland Cavaliers,32,59,8,25,15,19,12,32,15,6,2,20,13,103,Minnesota Timberwolves,33,57,14,38,10,13,14,29,32,16,8,16,19,118
2020-01-05,3:30 PM,Los Angeles Clippers,27,51,18,32,27,33,10,32,25,4,3,19,27,135,New York Knicks,36,61,12,23,24,37,8,29,22,11,4,16,26,132
2020-01-05,10:00 PM,Los Angeles Lakers,36,72,6,20,16,23,11,39,23,8,20,13,22,106,Detroit Pistons,18,52,11,26,30,35,6,37,21,8,6,16,22,99
2020-01-05,6:00 PM,Miami Heat,29,46,18,44,10,16,11,36,34,4,5,10,17,122,Portland Trail Blazers,27,50,13,37,18,20,8,32,21,5,4,10,15,111
2020-01-05,8:00 PM,Phoenix Suns,37,69,6,26,22,26,12,34,25,7,4,10,19,114,Memphis Grizzlies,27,41,18,42,13,17,3,39,31,4,8,16,22,121
2020-01-06,7:30 PM,Atlanta Hawks,17,38,18,39,27,32,4,30,24,3,5,10,22,115,Denver Nuggets,38,65,9,27,20,27,7,34,27,4,6,4,23,123
2020-01-06,7:00 PM,Charlotte Hornets,27,51,10,30,20,22,8,30,21,3,3,11,14,104,Indiana Pacers,37,63,10,26,11,14,12,31,31,8,5,10,23,115
2020-01-06,8:30 PM,Dallas Mavericks,28,43,16,41,14,19,11,32,25,5,6,14,12,118,Chicago Bulls,37,67,9,31,9,11,17,28,25,10,6,8,21,110
2020-01-06,8:00 PM,New Orleans Pelicans,33,63,12,31,24,30,13,35,23,4,5,6,20,126,Utah Jazz,30,57,16,33,20,24,7,36,19,3,3,8,25,128
2020-01-06,7:00 PM,Orlando Magic,27,55,8,26,23,31,11,49,21,8,3,18,19,101,Brooklyn Nets,22,49,10,47,15,19,12,34,20,11,1,12,19,89
2020-01-06,7:00 PM,Philadelphia 76ers,33,64,13,26,15,18,9,33,31,4,0,10,28,120,Oklahoma City Thunder,28,60,12,29,21,31,14,33,17,3,3,12,22,113
2020-01-06,10:00 PM,Sacramento Kings,24,51,15,30,18,23,6,37,27,10,3,22,23,111,Golden State Warriors,29,60,5,26,25,32,10,34,19,13,4,17,18,98
2020-01-06,8:30 PM,San Antonio Spurs,26,53,19,35,17,19,10,44,23,4,2,11,16,126,Milwaukee Bucks,23,50,15,45,13,14,10,28,24,5,5,8,15,104
2020-01-06,7:00 PM,Washington Wizards,32,63,7,21,14,23,7,40,18,8,9,14,22,99,Boston Celtics,25,58,8,37,20,26,16,39,17,7,8,16,20,94
2020-01-07,7:30 PM,Brooklyn Nets,29,61,11,37,12,16,11,41,19,5,5,17,25,103,Oklahoma City Thunder,27,55,11,37,24,29,8,43,19,11,3,15,15,111
2020-01-07,7:00 PM,Cleveland Cavaliers,28,54,14,31,15,16,11,35,29,7,4,16,19,113,Detroit Pistons,29,58,13,33,18,21,10,30,26,8,3,9,15,115
2020-01-07,10:30 PM,Los Angeles Lakers,24,46,17,36,18,21,6,42,27,11,11,17,19,117,New York Knicks,33,75,4,20,9,16,15,32,15,10,3,16,20,87
2020-01-07,8:00 PM,Memphis Grizzlies,38,61,8,28,19,21,9,35,22,12,6,15,18,119,Minnesota Timberwolves,25,43,15,47,17,21,10,30,23,10,1,18,23,112
2020-01-07,9:00 PM,Phoenix Suns,26,42,11,35,18,22,6,35,24,4,2,17,25,103,Sacramento Kings,22,48,15,36,25,28,8,33,18,8,1,15,22,114
2020-01-07,7:00 PM,Toronto Raptors,20,54,15,42,14,19,17,40,21,5,7,13,21,99,Portland Trail Blazers,25,53,13,35,12,14,7,38,23,6,11,10,15,101
2020-01-08,7:30 PM,Atlanta Hawks,26,62,13,44,24,27,16,38,20,6,8,11,29,115,Houston Rockets,26,47,13,45,31,41,16,43,22,7,7,13,21,122
2020-01-08,7:00 PM,Boston Celtics,24,51,13,38,27,30,8,31,26,7,2,15,20,114,San Antonio Spurs,39,58,9,29,24,26,8,41,28,9,6,14,25,129
2020-01-08,7:00 PM,Charlotte Hornets,23,49,15,37,19,26,13,37,30,6,6,17,21,110,Toronto Raptors,28,58,14,36,14,20,14,32,34,7,5,10,23,112
2020-01-08,7:30 PM,Dallas Mavericks,27,42,12,35,16,24,6,32,27,8,5,13,18,106,Denver Nuggets,32,60,9,24,16,20,8,29,27,7,5,12,22,107
2020-01-08,10:00 PM,Golden State Warriors,18,49,15,38,17,20,12,40,29,7,4,18,30,98,Milwaukee Bucks,26,46,9,41,28,32,5,42,22,11,3,9,19,107
2020-01-08,7:00 PM,Indiana Pacers,31,57,9,27,19,25,6,31,25,5,3,12,18,108,Miami Heat,27,43,16,38,20,25,3,38,28,8,4,11,22,122
2020-01-08,8:00 PM,New Orleans Pelicans,26,43,15,44,26,32,12,38,31,7,8,14,16,123,Chicago Bulls,27,57,14,35,12,21,10,29,22,12,2,12,23,108
2020-01-08,7:00 PM,Orlando Magic,33,60,10,27,27,34,13,38,24,18,3,16,21,123,Washington Wizards,30,61,6,23,11,19,10,30,24,8,5,23,22,89
2020-01-08,9:00 PM,Utah Jazz,33,47,16,43,14,23,12,38,29,6,6,7,15,128,New York Knicks,33,72,9,25,11,11,14,27,18,3,1,9,17,104
